context_name,median_AG_mean_logit,group,n
e6_FFPPFF,-6.781551743746919,e6,400
e6_FFPFFF,-6.749698590212009,e6,400
e6_FFFFFF,-6.615637608099277,e6,400
e6_FFFPFF,-6.613825827515434,e6,400
e7_FFPPFF,-6.418446396104887,e7,400
original_FAS_TP53_e6,-6.3995319250996365,original,10000
e6_FPFFFF,-6.075776915379895,e6,400
e6_FPPFFF,-6.070516381376039,e6,400
e7_FPPPFF,-6.046901248683525,e7,400
e7_FFPFFF,-6.031789726799249,e7,400
e6_FPPPFF,-6.021284240056002,e6,400
e6_FPFPFF,-6.002931638158549,e6,400
e6_FFPFPF,-5.923596846964138,e6,400
e6_FFPPPF,-5.915206637547906,e6,400
e7_FPFPFF,-5.82929737833182,e7,400
e6_FFFFPF,-5.766250995937261,e6,400
e6_FFFPPF,-5.74636116666101,e6,400
e7_FFFPFF,-5.706754025086633,e7,400
e7_FPPFFF,-5.605532796233491,e7,400
e6_FFPFFP,-5.593838548799599,e6,400
e7_FFPPPF,-5.578787855757664,e7,400
e6_PFPFFF,-5.542895419278352,e6,400
e6_FFPPFP,-5.525258457997789,e6,400
e6_PFPPFF,-5.444120391286269,e6,400
e6_FFFFFP,-5.4292427477353735,e6,400
e7_FPFFFF,-5.382738877450901,e7,400
e6_PFFFFF,-5.378131654256491,e6,400
e6_FFFPFP,-5.356085364652584,e6,400
e6_PFFPFF,-5.264866380245057,e6,400
e7_FFFFFF,-5.245933361361352,e7,400
e7_PFPPFF,-5.218431416450846,e7,400
e7_FFPPFP,-5.139404266564602,e7,400
e6_FFPPPP,-5.083194603338056,e6,400
e6_FFPFPP,-5.053125058406497,e6,400
original_FAS_TP53_e7,-4.9928048120886555,original,10000
e7_FFPFPF,-4.98455021756749,e7,400
e6_FPPFPF,-4.9443313158211275,e6,400
e6_FPPPPF,-4.926858260740139,e6,400
e7_FPPPPF,-4.926858260740139,e7,400
e6_PFPFPF,-4.924667827987243,e6,400
e6_PFPFFP,-4.904083346851324,e6,400
e7_PFPFFF,-4.903504844485577,e7,400
e6_PFPPPF,-4.895636514993918,e6,400
e7_FFPPPP,-4.892576710391826,e7,400
e7_FFPFFP,-4.873795478756106,e7,400
e6_FPFFPF,-4.866581774893948,e6,400
e6_FFFFPP,-4.861419171782378,e6,400
e6_FPFPPF,-4.856530394110635,e6,400
e6_FFFPPP,-4.828899328087444,e6,400
e7_FFFPPF,-4.817055183091133,e7,400
e6_PFPPFP,-4.806746443965662,e6,400
e6_PFFFPF,-4.786164419531724,e6,400
e6_PFFPPF,-4.730588769357101,e6,400
e6_PFFFFP,-4.6690737103718165,e6,400
e7_PFPPPF,-4.634746580687384,e7,400
e7_FPFPPF,-4.609366149520462,e7,400
e6_PFPFPP,-4.598174917860917,e6,400
e6_PFFPFP,-4.553978674896234,e6,400
e6_PFPPPP,-4.527056641402836,e6,400
e6_PFFFPP,-4.4263372834075945,e6,400
e7_FFFPFP,-4.4036107059316425,e7,400
e7_PFPPFP,-4.403211620234078,e7,400
e6_PFFPPP,-4.403163984751581,e6,400
e7_PFFPFF,-4.383078356700766,e7,400
e7_PFPPPP,-4.331600573030129,e7,400
e7_FFPFPP,-4.263327535833634,e7,400
e7_FPPFPF,-4.255138113768762,e7,400
e7_FFFFPF,-4.149555432456168,e7,400
e7_PFPFFP,-4.092758133449694,e7,400
e7_FPPPFP,-4.049752388809555,e7,400
e7_PFFFFF,-4.035404695304221,e7,400
e7_FFFFFP,-4.034022435770059,e7,400
e6_FPPFFP,-3.9965087676559716,e6,400
e7_PFPFPF,-3.973437590229363,e7,400
e6_FPFFFP,-3.9659934432110506,e6,400
e6_FPPPFP,-3.8982550801571727,e6,400
e7_FFFPPP,-3.8860723124645826,e7,400
e7_FPFFPF,-3.87069051439736,e7,400
e6_FPFPFP,-3.838718350140118,e6,400
e6_PPFFFF,-3.7753177861870286,e6,400
e7_PFFPPF,-3.7641972181363714,e7,400
e7_PPPPFF,-3.7344209255841436,e7,400
e6_PPFPFF,-3.7235288541758957,e6,400
e7_PFPFPP,-3.7181109025807144,e7,400
e6_PPPFFF,-3.716556851008041,e6,400
e7_FPPFFP,-3.681541539533516,e7,400
e6_PPPPFF,-3.647852481279555,e6,400
e7_FPFPFP,-3.6113880322052423,e7,400
e7_PFFPFP,-3.448715595664175,e7,400
e7_PPFPFF,-3.370227614137944,e7,400
e7_PFFPPP,-3.342871793496335,e7,400
e7_FPFFFP,-3.2797903092903966,e7,400
e6_FPPPPP,-3.2474253982113015,e6,400
e7_FPPPPP,-3.2474253982113015,e7,400
e6_FPPFPP,-3.2274305522766857,e6,400
e7_FFFFPP,-3.2240155098264918,e7,400
e7_PFFFFP,-3.14732927107637,e7,400
e6_FPFFPP,-3.1435390754868178,e6,400
e7_PPPFFF,-3.124576182886201,e7,400
e6_FPFPPP,-3.109490411209938,e6,400
e7_PFFFPF,-3.0625825892533616,e7,400
e7_FPFPPP,-2.899354468287902,e7,400
e7_PFFFPP,-2.814429885233347,e7,400
e6_PPPFPF,-2.804246054781177,e6,400
e7_PPFFFF,-2.7663041439573584,e7,400
e6_PPPPPF,-2.7564178099612198,e6,400
e7_PPPPPF,-2.7564178099612198,e7,400
e6_PPFFPF,-2.7451502867903805,e6,400
e6_PPFPPF,-2.6703632350330917,e6,400
e7_PPFPPF,-2.6282703212447283,e7,400
e6_PPPFFP,-2.5920891335006155,e6,400
e6_PPFFPP,-2.5919389108765367,e6,400
e6_PPPFPP,-2.5866439793954417,e6,400
e7_FPPFPP,-2.5855629244284284,e7,400
e6_PPFFFP,-2.5575443854697575,e6,400
e7_PPPPPP,-2.53650687434766,e7,400
e6_PPPPPP,-2.53650687434766,e6,400
e6_PPPPFP,-2.5223096582040965,e6,400
e6_PPFPPP,-2.5140032053524832,e6,400
e6_PPFPFP,-2.4569261330239236,e6,400
e7_PPPPFP,-2.4422868289485833,e7,400
e7_FPFFPP,-2.3304201612983686,e7,400
original_PNAS_1309,-2.28018417085144,original,10000
e7_PPPFPF,-2.2729146491020367,e7,400
e7_PPFPPP,-2.234388233185715,e7,400
e7_PPPFFP,-2.17692781926037,e7,400
e7_PPFPFP,-2.1746622630125367,e7,400
e7_PPFFFP,-2.0275107492505966,e7,400
e7_PPFFPF,-1.9999389470159379,e7,400
e7_PPPFPP,-1.9838733486531832,e7,400
e7_PPFFPP,-1.7330425434351933,e7,400
