section,exon_id,mutation_order,alphagenome_metric,n,pnas_min,pnas_max,pnas_range,pnas_mean,pnas_median,pnas_p1,pnas_p5,pnas_p95,pnas_p99,alphagenome_column,slope,intercept,pearson_r,pearson_p,spearman_rho,spearman_p,common_pnas_min,common_pnas_max
pnas_distribution,TP53_e6,single,,339,-0.5091432332992554,4.9459147453308105,5.455057978630066,2.338722512521575,2.4242589473724365,0.12441673636436457,0.7558620035648346,3.614638519287109,3.9342626094818116,,,,,,,,,
pnas_distribution,TP53_e6,double,,56952,-3.7927870750427246,6.797929286956787,10.590716361999512,2.167221988219423,2.255765676498413,-0.816335940361023,0.1461098909378052,3.8854263067245483,4.596618561744689,,,,,,,,,
pnas_distribution,TP53_e6,triple,,50000,-4.225768566131592,7.336875915527344,11.562644481658936,2.0217327548593285,2.098849058151245,-1.473999738693237,-0.3556392431259154,4.143177199363706,4.965095310211184,,,,,,,,,
pnas_distribution,TP53_e7,single,,330,3.000368595123291,8.44760513305664,5.44723653793335,6.03376078750148,6.157109022140503,3.6524102258682247,4.2064982652664185,7.78067216873169,8.143085145950316,,,,,,,,,
pnas_distribution,TP53_e7,double,,53955,0.4211506247520447,10.916893005371094,10.495742380619049,5.982359788922889,6.054687976837158,2.7287363147735597,3.71847791671753,7.998336124420164,8.775381679534911,,,,,,,,,
pnas_distribution,TP53_e7,triple,,50000,-0.7032674551010132,11.81205940246582,12.515326857566833,5.8705724778938295,5.934733629226685,2.0817059183120734,3.2640280723571777,8.233767652511597,9.166721124649051,,,,,,,,,
regression,TP53_e6,single,mean_logit,339,,,,,,,,,,alphagenome_mean_logit,0.6914268819655414,-5.0296392557185055,0.6403085644967067,1.6548781977032705e-40,0.6360529861521991,7.802432471459218e-40,,
regression,TP53_e6,single,prod_logit,339,,,,,,,,,,alphagenome_prod_logit,1.3252123635414117,-10.01618380219951,0.6384065689554844,3.3195225764666764e-40,0.6361632591016207,7.49742504630174e-40,,
regression,TP53_e6,double,mean_logit,56952,,,,,,,,,,alphagenome_mean_logit,0.6656840568840218,-5.0314416223884155,0.64922374791169,0.0,0.6460563254181948,0.0,,
regression,TP53_e6,double,prod_logit,56952,,,,,,,,,,alphagenome_prod_logit,1.272860993615118,-10.0346974276769,0.6476233044294791,0.0,0.6456133387566597,0.0,,
regression,TP53_e6,triple,mean_logit,50000,,,,,,,,,,alphagenome_mean_logit,0.6311032292928528,-5.032389007383649,0.6515535360979761,0.0,0.6501798202911239,0.0,,
regression,TP53_e6,triple,prod_logit,50000,,,,,,,,,,alphagenome_prod_logit,1.205992322465639,-10.051256336965032,0.65000290415465,0.0,0.6495516331052188,0.0,,
regression,TP53_e7,single,mean_logit,330,,,,,,,,,,alphagenome_mean_logit,-0.024279444633481785,0.37316077611891874,-0.09520995860289949,0.08417898609631577,0.0007697194062207751,0.9888861527681557,,
regression,TP53_e7,single,prod_logit,330,,,,,,,,,,alphagenome_prod_logit,-0.03839679788862696,-0.5990577360882541,-0.09211132165491931,0.09482265405337752,0.016410385717216577,0.7664678172010742,,
regression,TP53_e7,double,mean_logit,53955,,,,,,,,,,alphagenome_mean_logit,-0.022285192231237545,0.31579732804692207,-0.07754854663586282,9.472195751007031e-73,0.012716555567509117,0.0031380606778460295,,
regression,TP53_e7,double,prod_logit,53955,,,,,,,,,,alphagenome_prod_logit,-0.03690326795413838,-0.6802920595164522,-0.0783862300261013,2.704552018413517e-74,0.02453106384512396,1.206155385183393e-08,,
regression,TP53_e7,triple,mean_logit,50000,,,,,,,,,,alphagenome_mean_logit,-0.015511002450582193,0.22079925474296053,-0.04906454021581015,4.902957581186744e-28,0.030567709254425552,8.110939301337546e-12,,
regression,TP53_e7,triple,prod_logit,50000,,,,,,,,,,alphagenome_prod_logit,-0.027369834495090593,-0.823665963211359,-0.05274408696355128,3.8179533937956505e-32,0.040255306925504275,2.160887779961374e-19,,
common_range_diagnostic,TP53_e6,triple,alphagenome_prod_logit,48442,,,,,,,,,,,1.2688086089168678,-10.210824383303851,0.6307455434960076,0.0,0.6280388875627242,0.0,-0.7032674551010132,7.336875915527344
common_range_diagnostic,TP53_e7,triple,alphagenome_prod_logit,41784,,,,,,,,,,,-0.0271230827064857,-0.8229040349464214,-0.044620863904565725,7.154909580886378e-20,0.04862407899672587,2.6544439126615956e-23,-0.7032674551010132,7.336875915527344
