comparison,context_id,L1,L2,L3,R3,R2,R1,n_F_blocks,n,AG_median,AG_IQR,AG_response_range,classification,left_level,left_censored,right_level,right_censored,plateau_estimate,branch_score,confidence,warnings,PNAS_contextual_mean
TP53_e6,FFFFFF,F,F,F,F,F,F,6,400,-13.234603731032525,4.751766852408325,6.40356659620527,NO_SATURATION_IN_RANGE,,False,,False,,0.052357320099255575,medium,curve still responding at both edges of the sampled PNAS range,
TP53_e6,FFFFFP,F,F,F,F,F,P,5,400,-10.869509796374702,5.29995827503551,8.678233226887492,NO_SATURATION_IN_RANGE,,False,,False,,0.0696443341604632,medium,curve still responding at both edges of the sampled PNAS range,-9.415423699468374
TP53_e6,FFFFPF,F,F,F,F,P,F,5,400,-11.543339864860979,5.605925633064128,8.714589257321903,NO_SATURATION_IN_RANGE,,False,,False,,0.06220016542597188,medium,curve still responding at both edges of the sampled PNAS range,-9.415423699468374
TP53_e6,FFFFPP,F,F,F,F,P,P,4,400,-9.75517597460265,6.202181795105851,10.236600953892172,NO_SATURATION_IN_RANGE,,False,,False,,0.06964433416046319,medium,curve still responding at both edges of the sampled PNAS range,-9.415423699468374
TP53_e6,FFFPFF,F,F,F,P,F,F,5,400,-13.231186982887206,4.627196922250615,6.230887130236647,NO_SATURATION_IN_RANGE,,False,,False,,0.052357320099255575,medium,curve still responding at both edges of the sampled PNAS range,-9.401042461544275
TP53_e6,FFFPFP,F,F,F,P,F,P,4,400,-10.7234443233505,5.175636737974452,8.65078680985959,NO_SATURATION_IN_RANGE,,False,,False,,0.06716294458229942,medium,curve still responding at both edges of the sampled PNAS range,-9.401042461544275
TP53_e6,FFFPPF,F,F,F,P,P,F,4,400,-11.502026634350294,5.65529483641595,9.043610525894032,NO_SATURATION_IN_RANGE,,False,,False,,0.06716294458229942,medium,curve still responding at both edges of the sampled PNAS range,-9.401042461544275
TP53_e6,FFFPPP,F,F,F,P,P,P,3,400,-9.680102644703787,6.274804898344475,10.488250396102156,NO_SATURATION_IN_RANGE,,False,,False,,0.07708850289495449,medium,curve still responding at both edges of the sampled PNAS range,-9.401042461544275
TP53_e6,FFPFFF,F,F,P,F,F,F,5,400,-13.502127588522665,4.376131316185981,5.825329353187845,NO_SATURATION_IN_RANGE,,False,,False,,0.052357320099255575,medium,curve still responding at both edges of the sampled PNAS range,-9.393756154924631
TP53_e6,FFPFFP,F,F,P,F,F,P,4,400,-11.198901006123045,4.684319908383083,7.823457108442102,NO_SATURATION_IN_RANGE,,False,,False,,0.05971877584780811,medium,curve still responding at both edges of the sampled PNAS range,-9.393756154924631
TP53_e6,FFPFPF,F,F,P,F,P,F,4,400,-11.854543780516256,5.027380683260713,7.780113883257075,NO_SATURATION_IN_RANGE,,False,,False,,0.04979321753515302,medium,curve still responding at both edges of the sampled PNAS range,-9.393756154924631
TP53_e6,FFPFPP,F,F,P,F,P,P,3,400,-10.137611608171193,5.762200978711465,9.38081367733528,NO_SATURATION_IN_RANGE,,False,,False,,0.0696443341604632,medium,curve still responding at both edges of the sampled PNAS range,-9.393756154924631
TP53_e6,FFPPFF,F,F,P,P,F,F,4,400,-13.565667684619367,4.334773111510655,5.8693430945245595,NO_SATURATION_IN_RANGE,,False,,False,,0.05483870967741934,medium,curve still responding at both edges of the sampled PNAS range,-9.370391754955053
TP53_e6,FFPPFP,F,F,P,P,F,P,3,400,-11.062594017898904,4.572149124466067,8.07011588131357,NO_SATURATION_IN_RANGE,,False,,False,,0.06220016542597188,medium,curve still responding at both edges of the sampled PNAS range,-9.370391754955053
TP53_e6,FFPPPF,F,F,P,P,P,F,3,400,-11.839137776542117,5.060521389551383,8.064081563298952,NO_SATURATION_IN_RANGE,,False,,False,,0.05475599669148056,medium,curve still responding at both edges of the sampled PNAS range,-9.370391754955053
TP53_e6,FFPPPP,F,F,P,P,P,P,2,400,-10.191417130975552,5.774680233119318,9.452104932256397,NO_SATURATION_IN_RANGE,,False,,False,,0.06964433416046319,medium,curve still responding at both edges of the sampled PNAS range,-9.370391754955053
TP53_e6,FPFFFF,F,P,F,F,F,F,5,400,-12.15669117165209,7.085399882456113,10.18095610804328,NO_SATURATION_IN_RANGE,,False,,False,,0.08205128205128205,medium,curve still responding at both edges of the sampled PNAS range,-9.415423699468374
TP53_e6,FPFFFP,F,P,F,F,F,P,4,400,-7.969540724967022,6.665293437970275,10.483003628385664,NO_SATURATION_IN_RANGE,,False,,False,,0.08742762613730357,medium,curve still responding at both edges of the sampled PNAS range,-9.415423699468374
TP53_e6,FPFFPF,F,P,F,F,P,F,4,400,-9.749290485867737,7.779096561729419,12.379398107853715,NO_SATURATION_IN_RANGE,,False,,False,,0.09718775847808106,medium,curve still responding at both edges of the sampled PNAS range,-9.415423699468374
TP53_e6,FPFFPP,F,P,F,F,P,P,3,400,-6.387683285983805,7.116442802887687,12.745287663427408,LEFT_SATURATION,-10.303018820651396,False,,False,-10.303018820651396,0.09718775847808106,high,,-9.415423699468374
TP53_e6,FPFPFF,F,P,F,P,F,F,4,400,-12.011551208138062,6.756746764738812,9.888929685376025,NO_SATURATION_IN_RANGE,,False,,False,,0.08205128205128205,medium,curve still responding at both edges of the sampled PNAS range,-9.401042461544275
TP53_e6,FPFPFP,F,P,F,P,F,P,3,400,-7.721375001957284,6.673333362507034,10.763869714072479,LEFT_SATURATION,-11.107981165308496,False,,False,-11.107981165308496,0.09487179487179488,high,,-9.401042461544275
TP53_e6,FPFPPF,F,P,F,P,P,F,3,400,-9.729061365905915,7.773612785166174,12.53916160520915,NO_SATURATION_IN_RANGE,,False,,False,,0.11480562448304385,medium,curve still responding at both edges of the sampled PNAS range,-9.401042461544275
TP53_e6,FPFPPP,F,P,F,P,P,P,2,400,-6.306626003720671,7.374144339249778,12.74315426206321,LEFT_SATURATION,-10.129261638138944,False,,False,-10.129261638138944,0.10479735318444995,high,,-9.401042461544275
TP53_e6,FPPFFF,F,P,P,F,F,F,4,400,-12.147683276140864,6.902131205421244,10.24867837599698,NO_SATURATION_IN_RANGE,,False,,False,,0.08205128205128205,medium,curve still responding at both edges of the sampled PNAS range,-9.393756154924631
TP53_e6,FPPFFP,F,P,P,F,F,P,3,400,-8.037225347844643,6.720166181039346,10.311639200931838,NO_SATURATION_IN_RANGE,,False,,False,,0.08999172870140612,medium,curve still responding at both edges of the sampled PNAS range,-9.393756154924631
TP53_e6,FPPFPF,F,P,P,F,P,F,3,400,-9.903008912699534,7.737813243015845,12.482223414938757,NO_SATURATION_IN_RANGE,,False,,False,,0.1098428453267163,medium,curve still responding at both edges of the sampled PNAS range,-9.393756154924631
TP53_e6,FPPFPP,F,P,P,F,P,P,2,400,-6.550280232396332,7.080751405003226,12.735312025339008,LEFT_SATURATION,-10.231937952064516,False,,False,-10.231937952064516,0.0922249793217535,high,,-9.393756154924631
TP53_e6,FPPPFF,F,P,P,P,F,F,3,400,-12.048203149643692,6.70100750558884,9.956618022810972,NO_SATURATION_IN_RANGE,,False,,False,,0.08205128205128205,medium,curve still responding at both edges of the sampled PNAS range,-9.370391754955053
TP53_e6,FPPPFP,F,P,P,P,F,P,2,400,-7.85691577650665,6.672004881290275,10.418553641630359,LEFT_SATURATION,-11.23096831062428,False,,False,-11.23096831062428,0.09743589743589744,high,,-9.370391754955053
TP53_e6,FPPPPF,F,P,P,P,P,F,2,400,-9.868415433578091,7.780988634924036,12.61323107938067,NO_SATURATION_IN_RANGE,,False,,False,,0.11745244003308519,medium,curve still responding at both edges of the sampled PNAS range,-9.370391754955053
TP53_e6,FPPPPP,F,P,P,P,P,P,1,400,-6.5752905542424465,7.094529184859958,12.748987168251876,LEFT_SATURATION,-10.07248230517423,False,,False,-10.07248230517423,0.10231596360628618,high,,-9.370391754955053
TP53_e6,PFFFFF,P,F,F,F,F,F,5,400,-10.766874774490276,5.490954738469744,8.528287633768892,NO_SATURATION_IN_RANGE,,False,,False,,0.0696443341604632,medium,curve still responding at both edges of the sampled PNAS range,-9.415423699468374
TP53_e6,PFFFFP,P,F,F,F,F,P,4,400,-9.357713303842381,6.19303719155363,9.886304320553558,NO_SATURATION_IN_RANGE,,False,,False,,0.07965260545905709,medium,curve still responding at both edges of the sampled PNAS range,-9.415423699468374
TP53_e6,PFFFPF,P,F,F,F,P,F,4,400,-9.6004487984755,5.943003638745039,9.78399260379572,NO_SATURATION_IN_RANGE,,False,,False,,0.06220016542597188,medium,curve still responding at both edges of the sampled PNAS range,-9.415423699468374
TP53_e6,PFFFPP,P,F,F,F,P,P,3,400,-8.883109148445705,6.057068564046411,11.054949171386067,LEFT_SATURATION,-11.443614581528607,False,,False,-11.443614581528607,0.07229114971050456,high,,-9.415423699468374
TP53_e6,PFFPFF,P,F,F,P,F,F,4,400,-10.54075772383289,5.397056488910829,8.674173833608391,NO_SATURATION_IN_RANGE,,False,,False,,0.0696443341604632,medium,curve still responding at both edges of the sampled PNAS range,-9.401042461544275
TP53_e6,PFFPFP,P,F,F,P,F,P,3,400,-9.13170911979605,6.255472855600178,9.980903093741558,NO_SATURATION_IN_RANGE,,False,,False,,0.07468982630272952,medium,curve still responding at both edges of the sampled PNAS range,-9.401042461544275
TP53_e6,PFFPPF,P,F,F,P,P,F,3,400,-9.488324951948687,6.029504117709751,9.86733114711915,NO_SATURATION_IN_RANGE,,False,,False,,0.06468155500413565,medium,curve still responding at both edges of the sampled PNAS range,-9.401042461544275
TP53_e6,PFFPPP,P,F,F,P,P,P,2,400,-8.84035951309255,6.082324790577339,11.091181811978945,LEFT_SATURATION,-11.31209922336257,False,,False,-11.31209922336257,0.07733664185277088,high,,-9.401042461544275
TP53_e6,PFPFFF,P,F,P,F,F,F,4,400,-11.094026577799088,4.80883379845157,8.058524973625504,NO_SATURATION_IN_RANGE,,False,,False,,0.06964433416046319,medium,curve still responding at both edges of the sampled PNAS range,-9.393756154924631
TP53_e6,PFPFFP,P,F,P,F,F,P,3,400,-9.835272319244108,5.724897028050868,9.049071086167338,NO_SATURATION_IN_RANGE,,False,,False,,0.06468155500413565,medium,curve still responding at both edges of the sampled PNAS range,-9.393756154924631
TP53_e6,PFPFPF,P,F,P,F,P,F,3,400,-9.866737179206243,5.282752957569286,9.089609462078414,NO_SATURATION_IN_RANGE,,False,,False,,0.054755996691480555,medium,curve still responding at both edges of the sampled PNAS range,-9.393756154924631
TP53_e6,PFPFPP,P,F,P,F,P,P,2,400,-9.226207130247541,5.883175628580691,9.94433932506372,LEFT_SATURATION,-11.535846699204845,False,,False,-11.535846699204845,0.06972704714640199,high,,-9.393756154924631
TP53_e6,PFPPFF,P,F,P,P,F,F,3,400,-10.897223968011815,4.898087825625512,8.148867077919554,NO_SATURATION_IN_RANGE,,False,,False,,0.06972704714640199,medium,curve still responding at both edges of the sampled PNAS range,-9.370391754955053
TP53_e6,PFPPFP,P,F,P,P,F,P,2,400,-9.635235166680685,5.763444342013818,9.123242898847774,NO_SATURATION_IN_RANGE,,False,,False,,0.06964433416046319,medium,curve still responding at both edges of the sampled PNAS range,-9.370391754955053
TP53_e6,PFPPPF,P,F,P,P,P,F,2,400,-9.810358995372852,5.419816269265354,9.219212540285962,NO_SATURATION_IN_RANGE,,False,,False,,0.057237386269644336,medium,curve still responding at both edges of the sampled PNAS range,-9.370391754955053
TP53_e6,PFPPPP,P,F,P,P,P,P,1,400,-9.111786488917968,5.841088982029021,10.28390650512735,LEFT_SATURATION,-11.402742823604456,False,,False,-11.402742823604456,0.06972704714640199,high,,-9.370391754955053
TP53_e6,PPFFFF,P,P,F,F,F,F,4,400,-7.599644010764308,6.703238170241379,10.349909536701748,LEFT_SATURATION,-11.043752819953978,False,,False,-11.043752819953978,0.10479735318444995,high,,-9.415423699468374
TP53_e6,PPFFFP,P,P,F,F,F,P,3,400,-5.298581509145253,6.662215899408921,10.092152332955864,LEFT_SATURATION,-8.840923716219406,False,,False,-8.840923716219406,0.0998345740281224,high,,-9.415423699468374
TP53_e6,PPFFPF,P,P,F,F,P,F,3,400,-5.658561979066059,7.072491509254293,9.690151123174752,LEFT_SATURATION,-9.512793410480723,False,,False,-9.512793410480723,0.12233250620347393,high,moderate branching (branch_score=0.122),-9.415423699468374
TP53_e6,PPFFPP,P,P,F,F,P,P,2,400,-5.380152293761988,7.490043148008542,10.784659935378906,LEFT_SATURATION,-9.181132639467666,False,,False,-9.181132639467666,0.1098428453267163,high,,-9.415423699468374
TP53_e6,PPFPFF,P,P,F,P,F,F,3,400,-7.504718866290588,6.608008657706667,10.29303552948176,LEFT_SATURATION,-10.865235305002113,False,,False,-10.865235305002113,0.10976013234077753,high,,-9.401042461544275
TP53_e6,PPFPFP,P,P,F,P,F,P,2,400,-5.184143908219967,6.718677959415928,9.97264043720848,LEFT_SATURATION,-8.628724748604064,False,,False,-8.628724748604064,0.10239867659222499,high,,-9.401042461544275
TP53_e6,PPFPPF,P,P,F,P,P,F,2,400,-5.540346871028879,7.05205773446882,9.636897346660268,LEFT_SATURATION,-9.4857762579312,False,,False,-9.4857762579312,0.11976840363937138,high,,-9.401042461544275
TP53_e6,PPFPPP,P,P,F,P,P,P,1,400,-5.236513794464268,7.7609022556593565,10.759933543317494,LEFT_SATURATION,-9.123010496150508,False,,False,-9.123010496150508,0.1098428453267163,high,,-9.401042461544275
TP53_e6,PPPFFF,P,P,P,F,F,F,3,400,-7.519543848545277,6.661714628320311,10.50426621654243,LEFT_SATURATION,-10.842689745202524,False,,False,-10.842689745202524,0.10479735318444995,high,,-9.393756154924631
TP53_e6,PPPFFP,P,P,P,F,F,P,2,400,-5.333330536021904,6.648850950787415,10.044695627954674,LEFT_SATURATION,-8.807147932306567,False,,False,-8.807147932306567,0.1,high,,-9.393756154924631
TP53_e6,PPPFPF,P,P,P,F,P,F,2,400,-5.773678868946636,6.8984923368860045,9.980602998102189,LEFT_SATURATION,-9.486127154124908,False,,False,-9.486127154124908,0.09718775847808105,high,,-9.393756154924631
TP53_e6,PPPFPP,P,P,P,F,P,P,1,400,-5.329557571516796,7.5022581978084215,10.62843851352321,LEFT_SATURATION,-8.91783821897356,False,,False,-8.91783821897356,0.10488006617038874,high,,-9.393756154924631
TP53_e6,PPPPFF,P,P,P,P,F,F,2,400,-7.358830738386993,6.698881660395523,10.315792996698303,LEFT_SATURATION,-10.773597049551764,False,,False,-10.773597049551764,0.10727874276261372,high,,-9.370391754955053
TP53_e6,PPPPFP,P,P,P,P,F,P,1,400,-5.246648137322734,6.723397429348818,9.85902598411202,LEFT_SATURATION,-8.694380657718295,False,,False,-8.694380657718295,0.10256410256410256,high,,-9.370391754955053
TP53_e6,PPPPPF,P,P,P,P,P,F,1,400,-5.670886975304578,7.063859614045468,9.880593345434237,LEFT_SATURATION,-9.418225910276519,False,,False,-9.418225910276519,0.09727047146401985,high,,-9.370391754955053
TP53_e6,PPPPPP,P,P,P,P,P,P,0,400,-5.236249672876125,7.730770433441669,10.636060509131251,LEFT_SATURATION,-8.756053529108057,False,,False,-8.756053529108057,0.10736145574855252,high,,
TP53_e7,FFFFFF,F,F,F,F,F,F,6,400,-10.502588671446496,5.484598274196532,8.744490431439667,NO_SATURATION_IN_RANGE,,False,,False,,0.07981803143093466,medium,curve still responding at both edges of the sampled PNAS range,
TP53_e7,FFFFFP,F,F,F,F,F,P,5,400,-8.107822622961264,5.88357002780734,9.907238229548746,LEFT_SATURATION,-10.501750048289932,False,,False,-10.501750048289932,0.10231596360628617,high,,-9.37077370725572
TP53_e7,FFFFPF,F,F,F,F,P,F,5,400,-8.341985589660938,6.2122147838467185,10.95953785355832,NO_SATURATION_IN_RANGE,,False,,False,,0.09487179487179485,medium,curve still responding at both edges of the sampled PNAS range,-9.37077370725572
TP53_e7,FFFFPP,F,F,F,F,P,P,4,400,-6.533990651206905,6.6958738328491005,11.449673169000043,LEFT_SATURATION,-10.230793756040235,False,,False,-10.230793756040235,0.11224152191894128,high,,-9.37077370725572
TP53_e7,FFFPFF,F,F,F,P,F,F,5,400,-11.422057336228129,4.527932945094001,7.2528595379706395,NO_SATURATION_IN_RANGE,,False,,False,,0.07708850289495449,medium,curve still responding at both edges of the sampled PNAS range,-9.427312306016683
TP53_e7,FFFPFP,F,F,F,P,F,P,4,400,-8.83298985656922,5.555021929250106,8.821918406284805,NO_SATURATION_IN_RANGE,,False,,False,,0.08221670802315964,medium,curve still responding at both edges of the sampled PNAS range,-9.427312306016683
TP53_e7,FFFPPF,F,F,F,P,P,F,4,400,-9.652103594014392,6.184295532034849,10.353554995456353,NO_SATURATION_IN_RANGE,,False,,False,,0.07965260545905707,medium,curve still responding at both edges of the sampled PNAS range,-9.427312306016683
TP53_e7,FFFPPP,F,F,F,P,P,P,3,400,-7.822962206499136,6.194879117732555,11.22912182873484,LEFT_SATURATION,-11.090530379878967,False,,False,-11.090530379878967,0.0922249793217535,high,,-9.427312306016683
TP53_e7,FFPFFF,F,F,P,F,F,F,5,400,-12.06957382419492,4.502569807544045,6.866618410541162,NO_SATURATION_IN_RANGE,,False,,False,,0.06484698097601324,medium,curve still responding at both edges of the sampled PNAS range,-9.33009548842907
TP53_e7,FFPFFP,F,F,P,F,F,P,4,400,-9.765715172457533,5.406872008248249,8.694183619219686,NO_SATURATION_IN_RANGE,,False,,False,,0.06468155500413565,medium,curve still responding at both edges of the sampled PNAS range,-9.33009548842907
TP53_e7,FFPFPF,F,F,P,F,P,F,4,400,-9.988284710633508,5.986447279034669,9.296390101010623,NO_SATURATION_IN_RANGE,,False,,False,,0.06972704714640199,medium,curve still responding at both edges of the sampled PNAS range,-9.33009548842907
TP53_e7,FFPFPP,F,F,P,F,P,P,3,400,-8.595836092005658,5.961125211864357,10.07731877199711,NO_SATURATION_IN_RANGE,,False,,False,,0.07741935483870967,medium,curve still responding at both edges of the sampled PNAS range,-9.33009548842907
TP53_e7,FFPPFF,F,F,P,P,F,F,4,400,-12.840188821727134,3.7605045282742555,5.302708621169312,NO_SATURATION_IN_RANGE,,False,,False,,0.04987593052109181,medium,curve still responding at both edges of the sampled PNAS range,-9.370391754955053
TP53_e7,FFPPFP,F,F,P,P,F,P,3,400,-10.290574506162557,4.573338959579464,7.161226638896592,NO_SATURATION_IN_RANGE,,False,,False,,0.05723738626964433,medium,curve still responding at both edges of the sampled PNAS range,-9.370391754955053
TP53_e7,FFPPPF,F,F,P,P,P,F,3,400,-11.167622927957963,5.428932772980458,8.352802437069709,NO_SATURATION_IN_RANGE,,False,,False,,0.06476426799007444,medium,curve still responding at both edges of the sampled PNAS range,-9.370391754955053
TP53_e7,FFPPPP,F,F,P,P,P,P,2,400,-9.80791829930596,5.99396027899046,9.717669253302153,NO_SATURATION_IN_RANGE,,False,,False,,0.06716294458229942,medium,curve still responding at both edges of the sampled PNAS range,-9.370391754955053
TP53_e7,FPFFFF,F,P,F,F,F,F,5,400,-10.777128205966337,7.8729461020959555,10.81623420279105,NO_SATURATION_IN_RANGE,,False,,False,,0.10727874276261375,medium,curve still responding at both edges of the sampled PNAS range,-9.37077370725572
TP53_e7,FPFFFP,F,P,F,F,F,P,4,400,-6.638588921580059,6.990772434480883,10.395724787175162,LEFT_SATURATION,-10.539943928855667,False,,False,-10.539943928855667,0.11240694789081886,high,,-9.37077370725572
TP53_e7,FPFFPF,F,P,F,F,P,F,4,400,-7.782410018639283,8.627016838328519,12.400587898517424,LEFT_SATURATION,-11.709851362348639,False,,False,-11.709851362348639,0.11505376344086021,high,,-9.37077370725572
TP53_e7,FPFFPP,F,P,F,F,P,P,3,400,-4.87459466595398,8.53684050086075,12.098636675511383,LEFT_SATURATION,-8.623720769149806,False,,False,-8.623720769149806,0.10496277915632753,high,,-9.37077370725572
TP53_e7,FPFPFF,F,P,F,P,F,F,4,400,-11.66630556504293,6.72301488156793,8.669419543054172,NO_SATURATION_IN_RANGE,,False,,False,,0.06964433416046319,medium,curve still responding at both edges of the sampled PNAS range,-9.427312306016683
TP53_e7,FPFPFP,F,P,F,P,F,P,3,400,-7.276950063866156,6.225119008104723,9.65136120451593,LEFT_SATURATION,-10.525258841987764,False,,False,-10.525258841987764,0.10471464019851116,high,,-9.427312306016683
TP53_e7,FPFPPF,F,P,F,P,P,F,3,400,-9.238633970666065,7.732876770859784,12.410295378610043,LEFT_SATURATION,-12.492090484376238,False,,False,-12.492090484376238,0.11488833746898264,high,,-9.427312306016683
TP53_e7,FPFPPP,F,P,F,P,P,P,2,400,-5.90563474789317,7.914997151432812,12.42789280758134,LEFT_SATURATION,-9.638558251965744,False,,False,-9.638558251965744,0.10744416873449131,high,,-9.427312306016683
TP53_e7,FPPFFF,F,P,P,F,F,F,4,400,-11.221070028951152,7.856180233670228,11.062866302954326,NO_SATURATION_IN_RANGE,,False,,False,,0.09702233250620347,medium,curve still responding at both edges of the sampled PNAS range,-9.33009548842907
TP53_e7,FPPFFP,F,P,P,F,F,P,3,400,-7.415865746029784,6.802616325026213,10.65531398420663,LEFT_SATURATION,-10.993863616201688,False,,False,-10.993863616201688,0.10992555831265508,high,,-9.33009548842907
TP53_e7,FPPFPF,F,P,P,F,P,F,3,400,-8.540749237018623,8.102422136521731,12.859002861655183,LEFT_SATURATION,-12.150804133586153,False,,False,-12.150804133586153,0.11497105045492143,high,,-9.33009548842907
TP53_e7,FPPFPP,F,P,P,F,P,P,2,400,-5.340619027555096,8.495438389964168,12.732290202049223,LEFT_SATURATION,-9.16443481212598,False,,False,-9.16443481212598,0.0999172870140612,high,,-9.33009548842907
TP53_e7,FPPPFF,F,P,P,P,F,F,3,400,-12.099917434554921,6.141456593675981,8.437463827624157,NO_SATURATION_IN_RANGE,,False,,False,,0.05475599669148057,medium,curve still responding at both edges of the sampled PNAS range,-9.370391754955053
TP53_e7,FPPPFP,F,P,P,P,F,P,2,400,-8.136009214652724,6.487832151508465,9.679806360018095,NO_SATURATION_IN_RANGE,,False,,False,,0.10736145574855252,medium,curve still responding at both edges of the sampled PNAS range,-9.370391754955053
TP53_e7,FPPPPF,F,P,P,P,P,F,2,400,-9.868415433578091,7.780988634924036,12.61323107938067,NO_SATURATION_IN_RANGE,,False,,False,,0.11745244003308519,medium,curve still responding at both edges of the sampled PNAS range,-9.370391754955053
TP53_e7,FPPPPP,F,P,P,P,P,P,1,400,-6.5752905542424465,7.094529184859958,12.748987168251876,LEFT_SATURATION,-10.07248230517423,False,,False,-10.07248230517423,0.10231596360628618,high,,-9.370391754955053
TP53_e7,PFFFFF,P,F,F,F,F,F,5,400,-8.105984399353249,5.720629083115098,9.529918934025968,NO_SATURATION_IN_RANGE,,False,,False,,0.09239040529363109,medium,curve still responding at both edges of the sampled PNAS range,-9.37077370725572
TP53_e7,PFFFFP,P,F,F,F,F,P,4,400,-6.378303884206174,6.205463918557513,10.635703104108384,LEFT_SATURATION,-9.398692462628532,False,,False,-9.398692462628532,0.11240694789081887,high,,-9.37077370725572
TP53_e7,PFFFPF,P,F,F,F,P,F,4,400,-6.221506024803116,6.361329727440182,10.493695428306973,LEFT_SATURATION,-9.86544427503538,False,,False,-9.86544427503538,0.10959470636889992,high,,-9.37077370725572
TP53_e7,PFFFPP,P,F,F,F,P,P,3,400,-5.759724680218019,7.517101406776833,11.951073449724582,LEFT_SATURATION,-9.47088011367433,False,,False,-9.47088011367433,0.12224979321753517,high,moderate branching (branch_score=0.122),-9.37077370725572
TP53_e7,PFFPFF,P,F,F,P,F,F,4,400,-8.806705916504319,5.254746031169285,8.405795977310143,NO_SATURATION_IN_RANGE,,False,,False,,0.07468982630272952,medium,curve still responding at both edges of the sampled PNAS range,-9.427312306016683
TP53_e7,PFFPFP,P,F,F,P,F,P,3,400,-6.959423481403294,5.8306138109137535,9.507626336004181,LEFT_SATURATION,-9.571019574276256,False,,False,-9.571019574276256,0.09727047146401985,high,,-9.427312306016683
TP53_e7,PFFPPF,P,F,F,P,P,F,3,400,-7.574136524267196,5.806716450462639,10.474408482918166,LEFT_SATURATION,-10.738500281882057,False,,False,-10.738500281882057,0.08709677419354839,high,,-9.427312306016683
TP53_e7,PFFPPP,P,F,F,P,P,P,2,400,-6.75610664514996,6.557368306536526,11.955036906484514,LEFT_SATURATION,-10.28440109997571,False,,False,-10.28440109997571,0.09966914805624484,high,,-9.427312306016683
TP53_e7,PFPFFF,P,F,P,F,F,F,4,400,-9.822168440158535,5.442057522424937,8.750362473151194,NO_SATURATION_IN_RANGE,,False,,False,,0.06972704714640199,medium,curve still responding at both edges of the sampled PNAS range,-9.33009548842907
TP53_e7,PFPFFP,P,F,P,F,F,P,3,400,-8.228588435860106,6.336702827277593,10.219479199451731,LEFT_SATURATION,-10.397970986555402,False,,False,-10.397970986555402,0.07717121588089329,high,,-9.33009548842907
TP53_e7,PFPFPF,P,F,P,F,P,F,3,400,-7.995667189046715,5.667988760756091,9.54556895441186,LEFT_SATURATION,-10.50760672483595,False,,False,-10.50760672483595,0.07733664185277088,high,,-9.33009548842907
TP53_e7,PFPFPP,P,F,P,F,P,P,2,400,-7.523577722416974,5.882556857426497,10.827654273445265,LEFT_SATURATION,-10.243057846500303,False,,False,-10.243057846500303,0.07741935483870968,high,,-9.33009548842907
TP53_e7,PFPPFF,P,F,P,P,F,F,3,400,-10.44935842647818,4.545015615364191,7.180430350212817,NO_SATURATION_IN_RANGE,,False,,False,,0.05971877584780811,medium,curve still responding at both edges of the sampled PNAS range,-9.370391754955053
TP53_e7,PFPPFP,P,F,P,P,F,P,2,400,-8.83574109368655,5.813811655363103,9.109131503035968,NO_SATURATION_IN_RANGE,,False,,False,,0.07237386269644333,medium,curve still responding at both edges of the sampled PNAS range,-9.370391754955053
TP53_e7,PFPPPF,P,F,P,P,P,F,2,400,-9.300579843799309,5.4964721769429685,9.202469135786657,NO_SATURATION_IN_RANGE,,False,,False,,0.05971877584780811,medium,curve still responding at both edges of the sampled PNAS range,-9.370391754955053
TP53_e7,PFPPPP,P,F,P,P,P,P,1,400,-8.717242531815412,5.993637831957132,10.45714318398393,LEFT_SATURATION,-10.976492766630969,False,,False,-10.976492766630969,0.06468155500413565,high,,-9.370391754955053
TP53_e7,PPFFFF,P,P,F,F,F,F,4,400,-5.662493535626784,7.359856438968907,9.589814486662469,LEFT_SATURATION,-9.840369710330156,False,,False,-9.840369710330156,0.11985111662531016,high,,-9.37077370725572
TP53_e7,PPFFFP,P,P,F,F,F,P,3,400,-4.359507152528277,6.9277827108504235,9.079343686134433,LEFT_SATURATION,-7.436368519478172,False,,False,-7.436368519478172,0.11000827129859386,high,,-9.37077370725572
TP53_e7,PPFFPF,P,P,F,F,P,F,3,400,-4.2398808615344326,7.1898382730147254,8.551120802315552,LEFT_SATURATION,-8.032069670382075,False,,False,-8.032069670382075,0.10008271298593877,high,,-9.37077370725572
TP53_e7,PPFFPP,P,P,F,F,P,P,2,400,-3.772192637893831,7.88689395557018,9.888839749345369,LEFT_SATURATION,-7.517327247726803,False,,False,-7.517327247726803,0.10504549214226633,high,,-9.37077370725572
TP53_e7,PPFPFF,P,P,F,P,F,F,3,400,-6.828491247251045,5.987355088862113,8.72791006361614,LEFT_SATURATION,-9.95293387000536,False,,False,-9.95293387000536,0.1097601323407775,high,,-9.427312306016683
TP53_e7,PPFPFP,P,P,F,P,F,P,2,400,-4.672381374123118,5.873798351338988,8.580524300914183,LEFT_SATURATION,-7.640631258081577,False,,False,-7.640631258081577,0.08982630272952852,high,,-9.427312306016683
TP53_e7,PPFPPF,P,P,F,P,P,F,2,400,-5.417601153997312,7.075932669012879,9.3802385841307,LEFT_SATURATION,-8.973814669453738,False,,False,-8.973814669453738,0.1098428453267163,high,,-9.427312306016683
TP53_e7,PPFPPP,P,P,F,P,P,P,1,400,-4.664564873183777,7.796172801852206,10.212981995246206,LEFT_SATURATION,-8.52423086783638,False,,False,-8.52423086783638,0.10239867659222497,high,,-9.427312306016683
TP53_e7,PPPFFF,P,P,P,F,F,F,3,400,-6.345584772254968,7.4781262371034485,10.252423503832514,LEFT_SATURATION,-10.227371422392157,False,,False,-10.227371422392157,0.10984284532671627,high,,-9.33009548842907
TP53_e7,PPPFFP,P,P,P,F,F,P,2,400,-4.6301899341541946,7.041146695279722,9.582123798287677,LEFT_SATURATION,-8.086012199206827,False,,False,-8.086012199206827,0.10496277915632754,high,,-9.33009548842907
TP53_e7,PPPFPF,P,P,P,F,P,F,2,400,-4.754642795469744,7.528279120396413,9.122394252955393,LEFT_SATURATION,-8.518610529724107,False,,False,-8.518610529724107,0.10231596360628617,high,,-9.33009548842907
TP53_e7,PPPFPP,P,P,P,F,P,P,1,400,-4.2147282451817425,8.232769675292168,10.061062417085822,LEFT_SATURATION,-7.9532555220231345,False,,False,-7.9532555220231345,0.0999172870140612,high,,-9.33009548842907
TP53_e7,PPPPFF,P,P,P,P,F,F,2,400,-7.529052870630583,6.3592141488428995,9.182736451880999,LEFT_SATURATION,-10.364666370036975,False,,False,-10.364666370036975,0.1097601323407775,high,,-9.370391754955053
TP53_e7,PPPPFP,P,P,P,P,F,P,1,400,-5.118345288231044,5.996593073989141,9.002196730906828,LEFT_SATURATION,-8.289340670952953,False,,False,-8.289340670952953,0.0999172870140612,high,,-9.370391754955053
TP53_e7,PPPPPF,P,P,P,P,P,F,1,400,-5.670886975304578,7.063859614045468,9.880593345434237,LEFT_SATURATION,-9.418225910276519,False,,False,-9.418225910276519,0.09727047146401985,high,,-9.370391754955053
TP53_e7,PPPPPP,P,P,P,P,P,P,0,400,-5.236249672876125,7.730770433441669,10.636060509131251,LEFT_SATURATION,-8.756053529108057,False,,False,-8.756053529108057,0.10736145574855252,high,,
