comparison,term,order,effect_F_minus_P
TP53_e6,L1,1,-2.4360218042409336
TP53_e6,L2,1,-3.1277282560009034
TP53_e6,L3,1,0.2094196151188168
TP53_e6,R3,1,-0.0991733142720932
TP53_e6,R2,1,-1.2317244804457452
TP53_e6,R1,1,-2.0402262853441506
TP53_e6,L1xL2,2,1.3963879352159427
TP53_e6,L1xL3,2,0.05213752927063364
TP53_e6,L1xR3,2,0.06282149120224734
TP53_e6,L1xR2,2,-0.7570771764262441
TP53_e6,L1xR1,2,-1.7774031314539718
TP53_e6,L2xL3,2,0.2911809113577082
TP53_e6,L2xR3,2,0.013987946172481003
TP53_e6,L2xR2,2,0.29892890288194884
TP53_e6,L2xR1,2,0.9932977806881258
TP53_e6,L3xR3,2,-0.03148736391148965
TP53_e6,L3xR2,2,-0.03916635741621377
TP53_e6,L3xR1,2,-0.06100856358212248
TP53_e6,R3xR2,2,-0.07678634007666041
TP53_e6,R3xR1,2,0.027833438201183114
TP53_e6,R2xR1,2,-1.009196842494429
TP53_e7,L1,1,-2.4546496590566838
TP53_e7,L2,1,-2.084439184242701
TP53_e7,L3,1,1.1418907558798255
TP53_e7,R3,1,0.9571524548342012
TP53_e7,R2,1,-1.3731039419078854
TP53_e7,R1,1,-2.004860823277834
TP53_e7,L1xL2,2,1.37087436263029
TP53_e7,L1xL3,2,0.009581531094546847
TP53_e7,L1xR3,2,0.09903900866903115
TP53_e7,L1xR2,2,-0.882078899379243
TP53_e7,L1xR1,2,-1.6474874811117353
TP53_e7,L2xL3,2,1.1687492323922468
TP53_e7,L2xR3,2,-0.0025056720510736596
TP53_e7,L2xR2,2,0.28889042674120713
TP53_e7,L2xR1,2,0.8417223517619963
TP53_e7,L3xR3,2,0.015488344466609405
TP53_e7,L3xR2,2,-0.05875378981864987
TP53_e7,L3xR1,2,-0.10581262216504062
TP53_e7,R3xR2,2,-0.44764006599564077
TP53_e7,R3xR1,2,0.23073755748701696
TP53_e7,R2xR1,2,-1.0529874469315343
