exon_id,motif_family,high_enrichment_levels_used,high_enrichment_n,high_enrichment_AG_median,high_enrichment_AG_IQR,high_enrichment_AG_std,high_enrichment_AG_range,high_enrichment_PNAS_median
COL6A1_e14,UAG,"6x,8x,10x",300,-10.635876115919599,1.8679509756878847,1.5104696399697604,10.830061181818909,-10.597737312316895
COL6A1_e14,CNNC,"8x,10x,12x",300,-1.6273879350746192,3.2451241758691363,2.213801873573215,9.197130899586943,3.1101016998291016
COL6A1_e14,GGA,"10x,12x,14x",300,-6.042329631078156,6.446737296823299,3.5942037557857596,15.368461571069686,6.08743143081665
COL6A1_e14,GGAGGAC,"2x,4x,6x",300,-0.6387237981943512,1.9692051200419423,1.9040605959482768,8.282604693625448,6.093057155609131
COL6A1_e9,UAG,"6x,8x,10x",300,-9.992592529995388,2.6112662965629507,2.081094165134516,11.045495173397747,-6.248374938964844
COL6A1_e9,CNNC,"8x,10x,12x",300,-0.9169587986607222,1.2798526455808181,1.1894815039790978,7.13742449171393,4.534330129623413
COL6A1_e9,GGA,"10x,12x,14x",300,-5.821035892739345,3.819112488273886,2.802885577120465,14.35240144694767,6.455254793167114
COL6A1_e9,GGAGGAC,"2x,4x,6x",300,0.0677749883552802,1.3579897238337515,1.855388240327778,9.432276825450911,8.467726707458496
DMXL2_e36,UAG,"10x,12x,14x",300,-11.935491869814944,1.752140917745546,1.371211289581864,8.814820400099265,-13.289987564086914
DMXL2_e36,CNNC,"10x,12x,14x",300,-1.9228908100585538,1.362813605689903,2.9551659179757817,12.803635030148095,6.593658685684204
DMXL2_e36,GGA,"10x,12x,14x",300,-1.2686564694901525,0.8055745458919312,2.0178260281065983,11.740739376574503,11.331963539123535
DMXL2_e36,GGAGGAC,"10x,12x,14x",300,-1.302794795674298,3.6366670950358513,2.387963729382333,10.226995692353773,23.83870506286621
GFPT1_e9,UAG,"6x,8x,10x",300,-14.918133344014716,1.3069978452647,0.8397612008023426,3.575347628462671,-8.296228408813477
GFPT1_e9,CNNC,"8x,10x,12x",300,-8.705672585974547,4.731055409374071,2.987219508190695,11.39302569709101,3.3499550819396973
GFPT1_e9,GGA,"10x,12x,14x",300,-10.907614239642491,4.4172971790091005,3.1571211602423133,14.222455947356554,6.496543645858765
GFPT1_e9,GGAGGAC,"2x,4x,6x",300,-6.168324711964859,6.213607588915921,3.5183628073703477,13.115421862906862,7.696315765380859
LDLR_e7,UAG,"10x,12x,14x",300,-14.140167996293698,1.6804500445357302,1.2382280519750648,5.27254287932567,-8.845129489898682
LDLR_e7,CNNC,"10x,12x,14x",300,-2.345933970485609,3.0740942093442296,4.392705247761501,15.48806522759894,10.470176696777344
LDLR_e7,GGA,"10x,12x,14x",300,-1.9955697815520381,1.841381504169052,3.1324493413106618,15.379488117912887,15.943536281585693
LDLR_e7,GGAGGAC,"10x,12x,14x",300,-7.738879751828719,6.763253356817323,3.6074144502375893,13.055607510897737,25.89815044403076
MEGF8_e41,UAG,"10x,12x,14x",300,-13.815099789390462,1.46020887098331,1.1612680729897351,4.995786204056376,-11.304247379302979
MEGF8_e41,CNNC,"10x,12x,14x",300,-2.8891532990721585,4.751563045005831,3.933205764944267,15.203257004023087,8.57820463180542
MEGF8_e41,GGA,"10x,12x,14x",300,-8.478455468832555,7.621024571074579,4.147011516043861,16.222376961685253,11.610625267028809
MEGF8_e41,GGAGGAC,"10x,12x,14x",300,-5.384318145823812,6.7057563151447885,3.7194152545599897,13.67583710460068,24.63138198852539
TP53_e6,UAG,"10x,12x,14x",300,-14.507878776884436,1.4483367179877753,0.8683565346584352,3.2159011726908595,-13.910653114318848
TP53_e6,CNNC,"10x,12x,14x",300,-6.403098557229513,7.8312140553585605,4.3276415427218415,15.4113676881915,6.181073188781738
TP53_e6,GGA,"10x,12x,14x",300,-8.084514174711106,5.662771748101332,3.618396906026393,14.928655356050692,10.306127071380615
TP53_e6,GGAGGAC,"10x,12x,14x",300,-6.258952302414218,5.277439765728467,3.068702216801291,13.568430014893124,23.48608112335205
TP53_e7,UAG,"10x,12x,14x",300,-11.854532872814973,2.108691291461998,1.4384562087751238,8.1674435936507,-11.431825160980225
TP53_e7,CNNC,"10x,12x,14x",300,-2.9216645567758666,5.870169184358842,3.772655588092807,13.656166871821187,5.651235580444336
TP53_e7,GGA,"10x,12x,14x",300,-1.198200890756345,0.8437367815610579,2.012730504235605,11.639895338177979,13.558799266815186
TP53_e7,GGAGGAC,"10x,12x,14x",300,-2.5116003978111787,5.180955810229149,2.88165992703582,12.24825909660059,24.33273983001709
