exon_id,motif_family,highest_level,n,top_AG_median,top_AG_IQR,top_AG_std,top_AG_range,median_response_range,IQR_over_response_range
COL6A1_e14,UAG,10x,100,-11.206398870215352,1.9537187429967116,1.2519806473729524,5.343360524867524,3.6948355868066773,0.5287701433787599
COL6A1_e14,CNNC,12x,100,-4.524505877959342,3.4580572123619353,2.1008175538377962,7.5854074966183225,3.888072542076026,0.8894014128953249
COL6A1_e14,GGA,14x,100,-6.842534253675419,4.2137605804263725,3.2945908588528154,14.393085839152397,5.004104144494864,0.8420609281407607
COL6A1_e14,GGAGGAC,6x,100,-0.2843406715845035,1.8904907057889462,2.189841110774774,8.10117903196788,0.7762904438100413,2.435287875644068
COL6A1_e9,UAG,10x,100,-10.631175171075146,2.389756009986618,1.649483180767865,6.300711700304063,8.360252442740258,0.2858473504662884
COL6A1_e9,CNNC,12x,100,-1.9655077500223452,1.4622002052886276,1.2310823907518558,5.779033106674541,1.990045162254097,0.7347572974838487
COL6A1_e9,GGA,14x,100,-6.709568039544152,3.078247067389224,2.704771684487899,12.934696782773091,6.4506179425948496,0.4772018889946778
COL6A1_e9,GGAGGAC,6x,100,-0.21678559541417514,2.7840995268369877,2.0411583162563605,8.96142496330548,0.45628291164400914,6.101695802732879
DMXL2_e36,UAG,14x,100,-12.464890067845772,1.7941654468252928,1.2398462455307198,6.034131624263885,10.982192610168054,0.16337042251145126
DMXL2_e36,CNNC,14x,100,-2.0526556423938502,2.0182829875337895,3.1994687154988344,11.60805786525544,0.43488110016191417,4.6409995439727
DMXL2_e36,GGA,14x,100,-1.4171222791430256,0.9048895274917128,2.386820493617363,11.593376634062885,0.2783642086957876,3.2507394960414184
DMXL2_e36,GGAGGAC,14x,100,-2.135132098119973,4.229263815911192,2.523617820553686,9.744098454913381,1.2520400337612734,3.377898231581297
GFPT1_e9,UAG,10x,100,-15.431029797042477,1.0634804509135165,0.5772257149558838,2.153204426113442,3.510814853661074,0.3029155609856556
GFPT1_e9,CNNC,12x,100,-10.581195879443463,2.659314883487676,1.9252913182304063,8.831813549915086,5.461600613350974,0.4869112686465825
GFPT1_e9,GGA,14x,100,-12.367993299845725,3.634215631729388,2.5409825790256453,13.209934485401604,2.6517283910735756,1.3705082481158803
GFPT1_e9,GGAGGAC,6x,100,-5.135363893113418,6.047753886755162,3.2235949742911143,10.75773294519156,3.013179508086214,2.0071004301354494
LDLR_e7,UAG,14x,100,-14.862855240005315,1.817801981495725,0.9886488010374194,4.194349769604694,13.404449109877312,0.13561183802445448
LDLR_e7,CNNC,14x,100,-2.777870314815022,7.92566811288916,4.887284047742725,15.034361261692045,1.1671500797810572,6.790616091442085
LDLR_e7,GGA,14x,100,-2.4484627570783686,2.3578359855036686,2.86630056177709,15.198972168434164,0.8299426930020208,2.84096240063882
LDLR_e7,GGAGGAC,14x,100,-9.816054645630778,4.862038790705559,3.068752309801531,11.832320878853157,8.230008639865318,0.5907695852413012
MEGF8_e41,UAG,14x,100,-14.124354695884907,1.4358720160485028,0.9790639425405798,4.1186627135279394,3.602788714184779,0.39854460806853187
MEGF8_e41,CNNC,14x,100,-3.65959409620556,4.5342301513257635,3.836500906731548,14.983157355333331,1.1707632233054444,3.8728839965814443
MEGF8_e41,GGA,14x,100,-9.269631104181066,7.450163192633445,4.278962614835796,15.91180062695065,5.971421300933189,1.247636503468473
MEGF8_e41,GGAGGAC,14x,100,-7.1314627039881975,6.481764489816162,3.5681435075509262,13.437512788074596,4.934561252889336,1.313544235775955
TP53_e6,UAG,14x,100,-14.90936297194688,1.5551653264107799,0.8589386199907074,3.2159011726908595,4.187904224522562,0.3713469179415332
TP53_e6,CNNC,14x,100,-7.662728733993966,8.656303991461602,4.539266632604533,15.323950297548846,3.0644647897560287,2.8247359931816205
TP53_e6,GGA,14x,100,-8.103071196555678,4.161144405642487,3.5461362821853215,14.905561957631479,3.7202364415814735,1.1185161134203565
TP53_e6,GGAGGAC,14x,100,-7.70502652562233,3.457978438003013,2.667469479399195,11.084295659015424,4.583494194874951,0.7544415441541441
TP53_e7,UAG,14x,100,-12.434532047248094,1.8980008631016432,1.1909413560546864,5.661734806601359,11.452857235012477,0.1657229129949576
TP53_e7,CNNC,14x,100,-4.5007103807484565,6.316661156188626,3.686963363576535,11.732544529450498,3.664301655180289,1.7238376505544102
TP53_e7,GGA,14x,100,-1.198200890756345,1.5991060893836977,2.103139686146486,9.799844467754223,0.4112278341921727,3.8886134556650958
TP53_e7,GGAGGAC,14x,100,-4.877994644106194,5.364994461633117,2.897622255948945,9.697516550196557,3.9616975986336733,1.354216047050996
