exon_id,motif_family,exon_length,n_variants,feasible_copy_levels,WT_PNAS,WT_AG,PNAS_min,PNAS_max,PNAS_range,AG_min,AG_max,AG_range,global_OLS_slope,Pearson_r,Spearman_rho,2x_median_PNAS,2x_median_AG,2x_AG_IQR,2x_AG_std,2x_AG_min,2x_AG_max,4x_median_PNAS,4x_median_AG,4x_AG_IQR,4x_AG_std,4x_AG_min,4x_AG_max,6x_median_PNAS,6x_median_AG,6x_AG_IQR,6x_AG_std,6x_AG_min,6x_AG_max,8x_median_PNAS,8x_median_AG,8x_AG_IQR,8x_AG_std,8x_AG_min,8x_AG_max,10x_median_PNAS,10x_median_AG,10x_AG_IQR,10x_AG_std,10x_AG_min,10x_AG_max,12x_median_PNAS,12x_median_AG,12x_AG_IQR,12x_AG_std,12x_AG_min,12x_AG_max,14x_median_PNAS,14x_median_AG,14x_AG_IQR,14x_AG_std,14x_AG_min,14x_AG_max,median_response_range
COL6A1_e14,UAG,54,500,"2x,4x,6x,8x,10x",-0.4079123735427856,-3.377541756257051,-17.60765838623047,-0.5705035924911499,17.03715479373932,-13.518809020089977,-1.8829905886645568,11.63581843142542,0.42000152328480345,0.7994613220706682,0.828667962447913,-2.78072190284729,-7.511563283408675,1.4717339849620927,1.509867498307517,-9.576489905207104,-1.8829905886645568,-5.505478620529175,-8.987596428072878,1.747641103253435,1.5734469929418564,-11.074775109815954,-2.9684441419826184,-7.790398597717285,-9.852675724173542,1.5774702818616628,1.4978579642804781,-12.28555224419853,-2.688747838271068,-10.520340919494629,-11.046072112340978,1.8997846199898962,1.3316260427371625,-13.168757461585573,-7.597081201212071,-13.047480583190918,-11.206398870215352,1.9537187429967116,1.2519806473729524,-13.518809020089977,-8.175448495222453,,,,,,,,,,,,,3.6948355868066773
COL6A1_e14,CNNC,54,600,"2x,4x,6x,8x,10x,12x",-0.4079123735427856,-3.377541756257051,-4.223758220672607,8.02593994140625,12.249698162078857,-8.547390746854294,0.7904467391620794,9.337837486016374,0.4839897905872229,0.4864283853468303,0.530183799067072,0.6459149420261383,-1.376791185069083,1.3349147339746463,1.3080597565602912,-6.141609093098546,-0.1484654658629281,2.2128891944885254,-0.8670545661869838,1.1789675911503108,1.1116368031161743,-6.067144806350365,0.5505452544710646,3.261685848236084,-0.6364333358833161,0.9949033844957611,0.8388248043013595,-4.528490824742549,0.7904467391620794,3.713862419128418,-0.7140514985774629,1.1023975634915226,1.3007519927438898,-6.132469012717957,0.6497401527326497,3.137221097946167,-1.483399914518392,1.9167381879619763,1.617122816585197,-8.547390746854294,0.001953125620882,2.1637349128723145,-4.524505877959342,3.4580572123619353,2.1008175538377962,-8.17536904579828,-0.5899615491799578,,,,,,,3.888072542076026
COL6A1_e14,GGA,54,700,"2x,4x,6x,8x,10x,12x,14x",-0.4079123735427856,-3.377541756257051,-3.779204845428467,11.334888458251951,15.114093303680418,-14.743944809564605,0.8530301192236318,15.596974928788237,0.3198423565783083,0.2850691076732478,0.264691641968729,0.41805389523506165,-2.129732349084745,3.6495608487908604,2.212265540756924,-8.29458785124138,-0.1911314960678479,1.6997497081756592,-1.838430109180555,4.5272605791356115,2.633679607690603,-10.135705654908488,0.531714111713346,2.293078899383545,-2.4048793303689937,5.276100869294262,3.3166049034241634,-12.448718620806115,0.6777598030148655,3.807162284851074,-3.3313774856269625,6.023339385762083,3.471537678455143,-13.530383943969309,0.8530301192236318,5.158436298370361,-4.462384593777907,6.274023036558064,3.83495771937848,-14.743944809564605,0.6245167615050806,6.282984256744385,-5.830530845753304,6.273870415059866,3.482723284675407,-12.414327379361938,0.2846208092488049,7.3751060962677,-6.842534253675419,4.2137605804263725,3.2945908588528154,-13.906989491709348,0.4860963474430487,5.004104144494864
COL6A1_e14,GGAGGAC,54,300,"2x,4x,6x",-0.4079123735427856,-3.377541756257051,-1.012068748474121,15.229480743408203,16.241549491882324,-7.247129108675762,1.0354755849496862,8.282604693625448,0.24516568966933044,0.44242559167768336,0.5504337998916173,2.438090682029724,-1.0283559202983832,2.296871924393291,1.7472350426571832,-6.020722317640083,0.1119331277586826,6.208394527435303,-0.2520654764883419,1.5501484839575108,1.6439841691805293,-7.0804775918950025,1.0354755849496862,9.450290203094482,-0.2843406715845035,1.8904907057889462,2.189841110774774,-7.247129108675762,0.8540499232921173,,,,,,,,,,,,,,,,,,,,,,,,,0.7762904438100413
COL6A1_e9,UAG,54,500,"2x,4x,6x,8x,10x",6.048125743865967,-0.1811578812385694,-14.197113990783691,5.831876277923584,20.028990268707275,-14.306326568046616,0.3872762114430003,14.693602779489616,0.6518781187358997,0.8748540930514859,0.8786635248299495,3.270458698272705,-2.270922728334889,2.159201091292087,1.6095895395185984,-7.580634155813021,0.3872762114430003,0.38175809383392334,-6.248305234899865,3.0393984471604796,2.256411875330567,-11.21110238780889,-0.1270014843690688,-2.5669186115264893,-8.985245984825385,2.7662723356500063,2.0129565247811487,-11.654059732953325,-3.260831394648869,-6.1744935512542725,-10.34033264989078,2.5329168893875167,1.7745556683981012,-13.646068488255276,-6.278202827631028,-9.310939311981201,-10.631175171075146,2.389756009986618,1.649483180767865,-14.306326568046616,-8.005614867742553,,,,,,,,,,,,,8.360252442740258
COL6A1_e9,CNNC,54,600,"2x,4x,6x,8x,10x,12x",6.048125743865967,-0.1811578812385694,-0.2745029926300049,9.539595603942873,9.814098596572878,-6.007561582259978,2.1607329582372916,8.16829454049727,0.4146241682132889,0.7297280810282267,0.6543348997420242,6.617525815963745,-0.0479523243054166,0.737298866144064,0.5956983833265627,-1.3887948634773588,2.1607329582372916,6.715114593505859,0.0245374122317518,0.6027705404480972,0.5291460343951121,-2.152852790239616,1.0727376239617634,6.574011325836182,-0.11566931827970794,0.8462410236739126,0.6126071944461243,-1.2860495453817462,1.361793447945423,6.353667974472046,-0.38880348000237935,0.8602024563493043,0.6383683898173957,-2.2444090075661296,1.129862909453952,4.9316864013671875,-0.7532484141668011,0.6751228607086671,0.6791623653631991,-3.964122690402111,0.4206454719539665,2.8174552917480473,-1.9655077500223452,1.4622002052886276,1.2310823907518558,-6.007561582259978,-0.2285284755854369,,,,,,,1.990045162254097
COL6A1_e9,GGA,54,700,"2x,4x,6x,8x,10x,12x,14x",6.048125743865967,-0.1811578812385694,-0.7978682518005371,13.47584342956543,14.273711681365967,-12.705735447849566,1.6466659990981038,14.35240144694767,0.8795802511690419,0.6201789814632803,0.6163510318841227,6.3770575523376465,-0.2589500969493021,1.0156672725350533,1.1874164076304938,-6.464284847570766,0.9664483392568232,6.037156581878662,-0.6866796193441661,3.202347167848244,1.9772197720112148,-7.710794167749769,1.0287788252390255,6.192814588546753,-2.4174314606790186,4.94381193288179,2.753216943462425,-9.278201626286046,1.3511129567085218,5.65428614616394,-4.063379376501249,4.042208852580935,2.835860222033683,-10.4092434657736,1.2597115018360956,6.412648439407349,-4.288657629060971,4.276827070482957,3.017053455622603,-10.84216576324026,1.6466659990981038,6.118984222412109,-5.969964293505661,3.315602888499064,2.3478849110033218,-10.454096771339165,0.0302757499038012,6.799762964248657,-6.709568039544152,3.078247067389224,2.704771684487899,-12.705735447849566,0.2289613349235258,6.4506179425948496
COL6A1_e9,GGAGGAC,54,300,"2x,4x,6x",6.048125743865967,-0.1811578812385694,0.7500687837600708,14.705084800720217,13.955016016960146,-8.091220657501404,1.3410561679495063,9.432276825450911,0.5025763106221572,0.618303449036117,0.6287036335400219,7.6938159465789795,0.239497316229834,0.9458064281566575,1.5176379987689317,-6.9211603270691295,1.2756462682649188,8.289371967315674,0.1032104483682718,1.3027768978286203,1.8789265261767896,-7.130696912605474,1.3410561679495063,9.505581378936768,-0.21678559541417514,2.7840995268369877,2.0411583162563605,-8.091220657501404,0.8702043058040767,,,,,,,,,,,,,,,,,,,,,,,,,0.45628291164400914
DMXL2_e36,UAG,122,700,"2x,4x,6x,8x,10x,12x,14x",4.088892936706543,-1.575025408650213,-22.53292655944824,3.91811752319336,26.451044082641598,-16.118095550958316,-0.9907335511523668,15.127361999805949,0.6287040293635275,0.8873333854159524,0.8923494989018381,1.1764466166496277,-1.4826974576777183,0.3088153619485834,0.9917283859394708,-8.041334089795772,-1.0566517514826277,-1.7740172147750854,-2.4054199769746596,3.247940843459467,2.2204728035137338,-9.9068912725736,-0.9907335511523668,-4.979305744171143,-7.8577373215936746,3.184830054391722,2.4260185623772523,-11.699197051628913,-1.355601801468861,-7.9141998291015625,-10.20904490079396,1.979700094566745,1.700737878723364,-14.804905532724677,-4.732835428373538,-11.347134590148926,-11.34275135405787,2.095401863465934,1.3709815302973907,-14.857167488886622,-7.303275150859051,-12.971608638763428,-11.854185031107527,1.574610882576014,1.1866861537112368,-16.118095550958316,-9.3332844663077,-16.823137283325195,-12.464890067845772,1.7941654468252928,1.2398462455307198,-16.118095550958316,-10.08396392669443,10.982192610168054
DMXL2_e36,CNNC,122,700,"2x,4x,6x,8x,10x,12x,14x",4.088892936706543,-1.575025408650213,-0.6642872095108032,13.45518684387207,14.119474053382874,-12.622477148909526,0.1811578812385694,12.803635030148095,0.0424330412882105,0.04204793791950675,0.05762090174734217,4.554123163223267,-1.617774542231936,0.31835678554754443,0.9285135734813461,-8.428457370534366,-1.1526493941431506,5.634159088134766,-1.6758579236723972,0.35320832944100533,1.0021041218892976,-8.8091892873869,-0.5425945584885158,5.948419570922852,-1.7033717479165504,0.5618060922102002,1.7353190179827571,-8.721528298925522,-0.5643185174623289,6.071365594863892,-1.869873594920221,0.7753320399140886,2.1796928526658785,-12.35064917653396,-0.9649966109914913,6.891736030578613,-1.8033121600345527,0.623675141821211,2.522291233100368,-11.457255625528726,-0.5206032621608901,6.58148193359375,-2.0330015005032385,1.6397063454187375,3.0566104167266888,-12.622477148909526,0.1811578812385694,6.50447416305542,-2.0526556423938502,2.0182829875337895,3.1994687154988344,-11.93309417817682,-0.32503631292138,0.43488110016191417
DMXL2_e36,GGA,122,700,"2x,4x,6x,8x,10x,12x,14x",4.088892936706543,-1.575025408650213,0.355916678905487,20.55470848083496,20.198791801929474,-10.980261303943658,0.7604780726308451,11.740739376574503,0.01736789532734274,0.03833235174124716,0.23131117856496203,5.145803213119507,-1.4257128930640321,0.33691556140099643,0.9486799390305523,-9.942857865650629,-0.3674206560862718,6.485307693481445,-1.4557108538868189,0.5635541615511319,1.6652504807947424,-8.524606247296646,0.2701864266962012,8.125040054321289,-1.261056140955858,0.6128729848492211,1.0648064321155233,-6.524866831172093,-0.1115657723248547,8.463537216186523,-1.2418050829453529,0.6139518249939134,1.2580226358551705,-10.168134965860672,0.6304341180490667,10.750180721282959,-1.1773466451910313,0.6847886414817775,1.777587384756563,-10.917151031276456,0.1379134919224439,11.014980792999268,-1.2996390593543015,0.8212526530801366,1.8098051891485245,-9.762310919481637,0.7604780726308451,12.624691009521484,-1.4171222791430256,0.9048895274917128,2.386820493617363,-10.980261303943658,0.613115330119226,0.2783642086957876
DMXL2_e36,GGAGGAC,122,700,"2x,4x,6x,8x,10x,12x,14x",4.088892936706543,-1.575025408650213,2.145664691925049,32.15089797973633,30.00523328781128,-9.557831788709215,0.841259755651063,10.399091544360278,-0.03681050547695754,-0.1399568913424423,0.08224362575568961,7.2844531536102295,-1.3949972954254262,0.40849503489007555,0.9533330246015812,-8.26218242419439,-0.1563234231553542,10.06354808807373,-1.2920028873625975,0.6927642884684616,1.174424987682543,-9.06490900331902,-0.2742898488195256,12.630002975463867,-1.1606228836740753,0.9803791237100374,1.7649302803354199,-8.196295355331918,0.5366916685378,16.528489112854004,-1.0719434658465874,0.8508794933801699,1.5599160966476908,-8.584961002349687,0.841259755651063,20.118648529052734,-0.8830920643586997,1.2158765975010712,2.0844504125563876,-7.658577080045336,0.6691639036445582,23.639663696289062,-1.302794795674298,2.897308381742421,2.341159843826184,-8.392812716564595,0.4089249670597021,27.701553344726562,-2.135132098119973,4.229263815911192,2.523617820553686,-9.557831788709215,0.1862666662041654,1.2520400337612734
GFPT1_e9,UAG,54,500,"2x,4x,6x,8x,10x",1.947718620300293,-10.231715193969087,-14.395340919494627,1.4507567882537842,15.846097707748411,-16.118095550958316,-10.055977811222975,6.06211773973534,0.2901966782830149,0.8162339508007277,0.8274309623758721,-0.5673452615737915,-11.920214943381403,1.2369216776440197,1.0843279879319423,-15.045669242875196,-10.055977811222975,-3.0707297325134277,-13.252692904176936,1.0426881512735022,0.7817499753169616,-16.118095550958316,-10.63386134178807,-5.843662261962891,-14.310543221897596,1.011539846392763,0.8386574412513235,-16.118095550958316,-12.542747922495645,-8.296228408813477,-14.975263999126057,1.2810852943577196,0.7125968528597745,-16.118095550958316,-13.372563307893635,-11.762256145477295,-15.431029797042477,1.0634804509135165,0.5772257149558838,-16.118095550958316,-13.964891124844874,,,,,,,,,,,,,3.510814853661074
GFPT1_e9,CNNC,54,600,"2x,4x,6x,8x,10x,12x",1.947718620300293,-10.231715193969087,-0.8517329692840576,8.497437477111816,9.349170446395874,-13.430183638706549,-2.0371579416155385,11.39302569709101,1.0113112282189922,0.5878938724710573,0.5872455723729337,2.773284435272217,-7.962560868275901,2.4684745077287005,1.862235745403051,-13.184427458879682,-3.1694216741115393,4.084639549255371,-6.1683253626917045,3.1949507778896473,2.496099850707263,-12.804852220059123,-2.044317388052466,4.232467412948608,-5.119595266092489,4.109376662628323,2.5558918680996894,-13.41982410189774,-2.218013072140164,4.609373569488525,-6.244825409508438,4.075515196932629,2.67998698982797,-12.789295840570608,-2.0371579416155385,4.0746800899505615,-8.417014949936277,4.5079386923839655,2.916067697697338,-13.430183638706549,-2.1227725185278343,1.8995081186294556,-10.581195879443463,2.659314883487676,1.9252913182304063,-13.362336923086357,-4.53052337317127,,,,,,,5.461600613350974
GFPT1_e9,GGA,54,700,"2x,4x,6x,8x,10x,12x,14x",1.947718620300293,-10.231715193969087,-1.7420035600662231,12.53088092803955,14.272884488105774,-15.93019160866506,-1.707735661308506,14.222455947356554,0.48392785695045004,0.42305405130373125,0.38485635663808787,3.06491756439209,-9.71626490877215,3.0285934029915715,2.0819714196811496,-14.139034672841612,-4.000535112522744,3.593341112136841,-9.909212338725107,3.070799610799096,2.2517753132699374,-14.832182215198744,-4.631775139928044,4.190567970275879,-10.254803522092395,3.804169233472672,2.7859143927145653,-15.860391095678306,-2.905046119843228,5.784397840499878,-9.788643565103762,4.9145539435143775,3.075780525272194,-14.779478132128569,-2.1898037379805873,6.107375383377075,-9.716804454485239,5.033599193917567,3.1307279083718096,-15.413762098281598,-2.6578637679370174,6.691035032272339,-10.769691785723394,4.647754655816641,3.3986936048941376,-15.610286313867018,-1.707735661308506,7.143395662307739,-12.367993299845725,3.634215631729388,2.5409825790256453,-15.93019160866506,-2.720257123263457,2.6517283910735756
GFPT1_e9,GGAGGAC,54,300,"2x,4x,6x",1.947718620300293,-10.231715193969087,-1.7074249982833862,15.291274070739746,16.998699069023132,-13.698805909493762,-0.5833840465868995,13.115421862906862,0.7742313568451834,0.7144560414779944,0.712215785604704,4.625349521636963,-7.515474543887004,4.520984936211027,2.963653816382203,-13.633083179255538,-1.8245776441558372,7.7335755825042725,-4.50229503580079,6.970064614384125,3.8288450033672916,-13.698805909493762,-0.8959354726967649,10.68574047088623,-5.135363893113418,6.047753886755162,3.2235949742911143,-11.34111699177846,-0.5833840465868995,,,,,,,,,,,,,,,,,,,,,,,,,3.013179508086214
LDLR_e7,UAG,120,700,"2x,4x,6x,8x,10x,12x,14x",10.877864837646484,-1.6329866495320315,-18.067771911621097,12.01067352294922,30.07844543457032,-16.118095550958316,-0.8633933793098797,15.254702171648436,0.6692599224105791,0.8743433101288156,0.8964029252959211,7.840572118759155,-1.4584061301280036,0.29084774447159156,0.8756400336820567,-9.779671871327904,-1.0882225848189735,4.762751817703247,-2.172902300344605,1.816834260136303,2.681285611040431,-13.827565110491191,-0.8633933793098797,1.0127176940441132,-10.114646587489684,3.6717684565222353,3.3587697536577164,-15.802867243878534,-1.3548528352850715,-1.4877874851226807,-12.443417788439731,1.843387479401681,1.5108126908697364,-16.118095550958316,-8.613232786590842,-5.4954774379730225,-13.498429211756882,1.2812003060971247,1.164738242478836,-16.118095550958316,-10.845552671632646,-9.466518878936768,-14.212801746595463,1.637909093011622,1.1642817391737135,-16.118095550958316,-11.463618386372486,-12.14440631866455,-14.862855240005315,1.817801981495725,0.9886488010374194,-16.118095550958316,-11.923745781353622,13.404449109877312
LDLR_e7,CNNC,120,700,"2x,4x,6x,8x,10x,12x,14x",10.877864837646484,-1.6329866495320315,2.33994722366333,16.817344665527344,14.477397441864014,-16.118095550958316,-0.6300303233593755,15.48806522759894,0.34728853358160944,0.21879266789160848,0.16329064491516923,11.318127155303955,-1.6107202350339649,0.22378983676165354,0.5616654707376337,-6.78621750176619,-1.1994391017641446,10.97824478149414,-1.6480114211442727,0.3801407378184387,1.1725141144176674,-7.982680580061523,-0.6353509520690848,10.870048522949219,-1.64284100311345,0.6005177191632403,1.6044396520256485,-13.58193533640255,-0.8251107365322645,10.623467445373535,-1.7544131769360602,0.8008005553171729,2.6004594557120653,-14.92900991906852,-0.6485893470437128,10.755801677703857,-1.8501419646686212,1.1094236104756316,3.5518570682323243,-16.053738145232252,-0.8660276219807223,10.379140853881836,-2.380856427695768,3.9380693742914077,4.336972470946096,-15.407736469990112,-0.6300303233593755,10.284893035888672,-2.777870314815022,7.92566811288916,4.887284047742725,-16.118095550958316,-1.083734289266272,1.1671500797810572
LDLR_e7,GGA,120,700,"2x,4x,6x,8x,10x,12x,14x",10.877864837646484,-1.6329866495320315,5.977225303649902,23.68133354187012,17.70410823822022,-15.7521501023631,-0.3726619844502135,15.379488117912887,0.052771918448453574,0.06181423818854902,0.005390048640415758,11.883320808410645,-1.6185200640763477,0.16689134729983524,0.5543756351835972,-7.010625391633015,-1.3372537803908366,12.564291954040527,-1.653981603229321,0.3092328586280859,1.2387994106727163,-10.451290101053964,-1.146510594938053,13.793268203735352,-1.7180397000273568,0.4039029979031665,1.8520692736358988,-10.353584237443238,-0.8641248299880555,14.598196029663086,-1.8231267347897129,0.6008335730119534,2.098441529860663,-13.291675517554255,-1.0785306421707126,15.151259899139404,-1.783736017214025,0.6659512552920412,2.49880263083973,-13.611729687324068,-1.0063223192352049,15.439283847808838,-2.391518233875954,3.4874564989459533,3.7327953538478846,-15.7521501023631,-0.9657605606631772,16.987921714782715,-2.4484627570783686,2.3578359855036686,2.86630056177709,-15.571634152884377,-0.3726619844502135,0.8299426930020208
LDLR_e7,GGAGGAC,120,700,"2x,4x,6x,8x,10x,12x,14x",10.877864837646484,-1.6329866495320315,9.50892734527588,34.44965362548828,24.940726280212402,-14.165154667182684,-0.7150170221485522,13.45013764503413,-0.35173907761396617,-0.5522260203252867,-0.5981660053195936,13.05830192565918,-1.5860460057654613,0.20289302590965752,0.41063930461603343,-4.062762246277388,-1.057050375505144,15.272411823272703,-1.7151956074348935,0.5291774090986558,1.1971298838102717,-8.723495908103365,-0.8110679728226646,18.664950370788574,-1.8987414660662147,0.9403013849094237,1.9252174355342075,-11.33661727299999,-0.7150170221485522,20.696158409118652,-2.122702572511181,0.9948775369427958,2.1775484138047867,-11.232560223613415,-0.955164979814148,22.648003578186035,-3.940367275059116,6.683682995177559,3.525810842006636,-12.585511830518698,-1.1095471562849462,25.852925300598145,-7.851473177296278,6.425771604753221,3.3795948809103242,-13.253559819031596,-1.6675399622457872,28.814395904541016,-9.816054645630778,4.862038790705559,3.068752309801531,-14.165154667182684,-2.332833788329528,8.230008639865318
MEGF8_e41,UAG,133,700,"2x,4x,6x,8x,10x,12x,14x",5.6569366455078125,-4.181667761038105,-22.02363395690918,5.430018424987793,27.453652381896973,-16.118095550958316,-3.1200009371375055,12.998094613820811,0.23096102946203717,0.7261107519509075,0.7778719167981466,2.4165892601013184,-10.521565981700128,1.6613613880957665,1.9033397315348901,-12.942411435611945,-3.1200009371375055,-0.24170166254043574,-11.547351312208963,1.1209101038968097,1.35438841953893,-14.78016518154154,-3.7573972964044224,-3.066058397293091,-12.476737004292968,1.326257895642721,0.9916595680064928,-15.27357946164488,-10.094618874635389,-5.2260901927948,-13.115136158338835,1.6658801778793908,1.133329673558007,-16.118095550958316,-10.8067502941963,-8.06728196144104,-13.394922498017333,1.5545256254487914,1.1706417332085395,-16.118095550958316,-11.12230934690194,-11.341098308563232,-13.841015143331894,1.4088633055978992,1.210072586371696,-16.118095550958316,-11.272907903551303,-14.05096960067749,-14.124354695884907,1.4358720160485028,0.9790639425405798,-16.118095550958316,-11.999432837430376,3.602788714184779
MEGF8_e41,CNNC,133,700,"2x,4x,6x,8x,10x,12x,14x",5.6569366455078125,-4.181667761038105,1.7607150077819824,15.220216751098633,13.45950174331665,-16.118095550958316,-0.91483854693523,15.203257004023087,0.3503529132811295,0.23706908835615353,0.3729228481501815,5.948721885681152,-2.898027382984592,1.244153031813954,2.4338683444843503,-13.332342461774616,-1.968137193870009,6.5883941650390625,-3.0913933050141003,1.4455918469980134,2.777147515919815,-14.853134228227322,-1.5508933689077224,7.513240337371826,-2.6879532448119368,1.763541956845533,2.94337814540826,-16.118095550958316,-1.331058232644633,7.938594102859497,-2.488830872900116,2.3897588815353927,3.2527455264447545,-15.645649785323627,-1.1779118634288044,7.874964952468872,-2.593988710787963,3.3426526232256597,4.067577965159072,-16.118095550958316,-0.91483854693523,8.848939418792725,-2.8174083817835065,5.6112104507656175,3.9125908243669896,-14.861672654223211,-1.0999147961788582,9.2459135055542,-3.65959409620556,4.5342301513257635,3.836500906731548,-15.92142699392626,-0.9382696385929302,1.1707632233054444
MEGF8_e41,GGA,133,700,"2x,4x,6x,8x,10x,12x,14x",5.6569366455078125,-4.181667761038105,1.4516351222991943,20.345382690429688,18.893747568130493,-16.118095550958316,0.1042814107269356,16.222376961685253,0.2717553092315112,0.2165403216511303,0.22636579019825576,6.917865753173828,-3.2982098032478766,3.9307232636504703,3.042657881972643,-15.269958756427153,-1.743292065017673,7.409764528274536,-3.868431890788721,5.331233380389837,3.182971205465793,-14.398344947743114,-1.412410173624261,9.11125135421753,-3.549251731534984,6.0277021470514365,3.7943319768916863,-15.714856548404514,-0.8773284788236771,9.676792621612549,-5.561823776613446,6.576678572196077,3.8796504634917803,-15.64017577226721,-0.4087341032920041,10.786255359649658,-6.840373235384563,7.449679892284547,4.0146373413399505,-14.559085520151733,0.1042814107269356,11.779372215270996,-8.574001820086266,7.129807826075747,4.053530031358187,-14.86711411174588,-0.684530673709017,12.516006469726562,-9.269631104181066,7.450163192633445,4.278962614835796,-16.118095550958316,-0.2062949240076672,5.971421300933189
MEGF8_e41,GGAGGAC,133,700,"2x,4x,6x,8x,10x,12x,14x",5.6569366455078125,-4.181667761038105,2.88880467414856,32.35169219970703,29.46288752555847,-14.798079565107692,0.0233164859805923,14.821396051088284,-0.03295122349504508,-0.06303710802242903,-0.06868255691817626,8.11457347869873,-2.6975211560306107,2.438662116958511,2.7694083912660394,-12.774142110891836,-1.428034277416285,11.265833377838135,-2.196901451098862,4.140242798033214,4.087416070980688,-14.798079565107692,-0.7454060604901608,13.739121913909912,-2.7942729572707865,6.495949953969511,3.7342505701144746,-14.390013183758857,-0.5465349453510909,17.039862632751465,-2.7564145551905224,5.158489629605823,3.913439068455865,-14.355863504348951,0.0233164859805923,21.239208221435547,-3.743570552437424,5.816279722573302,3.643089390336695,-13.326043218102065,-0.7605483668261107,24.62742042541504,-5.88942922889907,6.244648312529328,3.6915283006211586,-14.252843792666962,-0.5775476676010246,28.439577102661133,-7.1314627039881975,6.481764489816162,3.5681435075509262,-14.253384772201704,-0.8158719841271077,4.934561252889336
TP53_e6,UAG,113,700,"2x,4x,6x,8x,10x,12x,14x",2.5730605125427246,-6.519500491294269,-25.715511322021484,2.459397554397583,28.174908876419067,-16.118095550958316,-7.295988805249808,8.822106745708508,0.21693424281130422,0.7792248670530467,0.7969927224407554,-0.292783260345459,-10.721458747424318,1.2522089496469082,1.0571295131917269,-12.987411551590649,-7.295988805249808,-3.3635385036468506,-12.418792366059598,0.9042331007015179,0.841785230667402,-14.240481358983889,-9.889326576637243,-6.028817653656006,-13.310210774500002,1.1552938638712167,0.9988388071028846,-16.118095550958316,-10.8827921177269,-8.414838790893555,-13.761280039063134,0.9711592163553338,0.8546749424614939,-15.814239194679368,-12.02102480365978,-11.304611206054688,-14.20586733217803,0.9465536074055283,0.7911558278516404,-16.118095550958316,-12.95725340775382,-13.895680904388428,-14.543378135472931,1.337955872059279,0.8496673585934561,-16.118095550958316,-13.29492127015203,-17.063905715942383,-14.90936297194688,1.5551653264107799,0.8589386199907074,-16.118095550958316,-12.902194378267456,4.187904224522562
TP53_e6,CNNC,113,700,"2x,4x,6x,8x,10x,12x,14x",2.5730605125427246,-6.519500491294269,-2.383971691131592,13.451878547668455,15.835850238800047,-16.118095550958316,-0.7067278627668152,15.4113676881915,0.3961440553420139,0.26043915636717385,0.296126661984967,2.5279605388641357,-5.021187836715373,3.7313672029906195,2.3519440773948954,-12.353909989844537,-1.8060425826646695,4.304159641265869,-4.940524404725883,5.522029327456288,3.1643621583131307,-12.490009534928593,-1.07804725998721,4.0307981967926025,-5.242340318804231,6.200867772367507,3.8145495179188718,-15.375714022800585,-1.3353094826336245,5.13329815864563,-5.303297059386102,6.657071685992417,3.7119353533314308,-13.12702122528346,-1.2401434869259025,5.933395147323608,-4.598263944237937,6.828649791572169,4.111752767316605,-14.180275755396767,-0.9512898919831718,6.088346481323242,-6.268546268954173,7.471489295445706,4.2160936694515465,-16.118095550958316,-0.7067278627668152,6.623051404953003,-7.662728733993966,8.656303991461602,4.539266632604533,-16.118095550958316,-0.7941452534094697,3.0644647897560287
TP53_e6,GGA,113,700,"2x,4x,6x,8x,10x,12x,14x",2.5730605125427246,-6.519500491294269,-0.5356584787368774,19.93097877502441,20.466637253761288,-15.981722945788125,-1.0530675897374326,14.928655356050692,0.2780211667372785,0.28024946051224964,0.27698097872678085,3.995150089263916,-5.984609489563431,4.238830674811816,2.7454381374026138,-13.604987043739628,-1.821518965246674,4.897935628890991,-5.703411657820526,5.192274311094903,3.041207304021483,-13.05766960068257,-1.74618479962759,7.1337666511535645,-4.822640862642585,6.068768811828694,3.4936318597974974,-13.239129813956938,-1.0981240670057817,8.02529764175415,-6.975179209651578,6.496337919856321,3.4307125212064475,-15.181173010607209,-1.2995937361526495,9.087862014770508,-7.806855513860044,6.410414599876686,3.6099033057191243,-14.931227904114875,-1.304404484835551,10.290086269378662,-8.542877304224058,5.326087399173474,3.652935800198005,-15.981722945788125,-1.4589921542377786,11.441160678863525,-8.103071196555678,4.161144405642487,3.5461362821853215,-15.958629547368911,-1.0530675897374326,3.7202364415814735
TP53_e6,GGAGGAC,113,700,"2x,4x,6x,8x,10x,12x,14x",2.5730605125427246,-6.519500491294269,1.3026514053344729,32.101097106933594,30.79844570159912,-14.085510545682224,-0.5170805307891005,13.568430014893124,-0.03223072422221332,-0.08133071307199903,-0.06379519420864105,5.495023727416992,-4.240124829176262,4.153654898357058,2.4733291022815393,-10.351891098395324,-1.5414613561355566,9.305312156677246,-3.121532330747379,4.845071145260369,2.9521387092606055,-11.854303095791089,-1.2777488967531248,12.567208766937256,-3.390386990443515,5.3243722885427,3.0833528906870877,-11.246661616919743,-0.9311851942042034,16.636319160461426,-3.563669125073982,4.082088115046444,2.843517734038153,-12.315075384308606,-0.7545797381445538,19.321575164794922,-5.36546169516769,5.222165752158199,3.128848959535242,-14.085510545682224,-0.5170805307891005,23.37812900543213,-5.760122701882389,4.834414067137441,3.0507538841444966,-12.608574232403072,-1.1737626722997252,28.126700401306152,-7.70502652562233,3.457978438003013,2.667469479399195,-12.569980368806638,-1.4856847097912131,4.583494194874951
TP53_e7,UAG,110,700,"2x,4x,6x,8x,10x,12x,14x",5.608345031738281,-0.8343106648603924,-20.51068687438965,6.528866291046143,27.03955316543579,-16.118095550958316,-0.5933547984802848,15.524740752478031,0.619060799623002,0.8730047101329272,0.8940603832051054,2.9979281425476074,-0.9816748122356177,0.3567216854157548,0.40488029597346764,-2.9072575679548702,-0.5933547984802848,0.3413636386394501,-2.894607245446376,3.435641795753077,2.3769531879674193,-10.554001059474688,-0.8317818813288766,-2.1426405906677246,-7.7539770332036175,2.1861973908194354,1.999611421085705,-11.996256531454062,-1.501785164201299,-5.263826847076416,-9.370587017275103,1.405814970575511,1.344319828385095,-12.64495489290199,-6.051660053278335,-8.523720741271973,-10.6548052674042,2.1734575449465723,1.3208230524472626,-13.59686187155424,-7.950651957307615,-11.116167068481445,-11.70920505920833,1.9618308836613476,1.307153713870587,-15.53594377980895,-9.651793914870016,-14.929884433746338,-12.434532047248094,1.8980008631016432,1.1909413560546864,-16.118095550958316,-10.456360744356957,11.452857235012477
TP53_e7,CNNC,110,700,"2x,4x,6x,8x,10x,12x,14x",5.608345031738281,-0.8343106648603924,-0.6003224849700928,12.516767501831056,13.11708998680115,-14.121669963121624,0.3850593444848951,14.50672930760652,0.36142357510965173,0.23415193290407482,0.23456851477710072,6.464420318603516,-0.8364087255681675,0.2717417962646935,0.9208547264071043,-6.846392913157862,-0.4478920761999274,6.48242712020874,-0.9109195498604177,0.4691803230323629,0.8389811335883134,-6.877196792037122,0.1536217192224888,6.45143985748291,-1.0962828139523628,0.6535863099895995,1.6289202252895252,-9.883722189283748,-0.3878464146899856,6.504367828369141,-1.2888808135620236,1.0841896995600588,1.9872457803148325,-9.857762219853806,0.3850593444848951,5.814730882644653,-2.148469700422436,4.327631011303174,3.5873567049218344,-14.121669963121624,-0.4655030913004366,5.806899070739746,-2.5385173577662536,5.2664329089094934,3.8630636559285048,-14.042582423892451,-0.4897865697586366,5.426753044128418,-4.5007103807484565,6.316661156188626,3.686963363576535,-12.628480002147263,-0.8959354726967649,3.664301655180289
TP53_e7,GGA,110,700,"2x,4x,6x,8x,10x,12x,14x",5.608345031738281,-0.8343106648603924,3.6425180435180655,20.3811149597168,16.738596916198734,-11.587270892304607,0.0526244458733724,11.639895338177979,-0.06018179923149988,-0.11949053068079377,-0.1392762386136418,7.814621210098267,-0.847646657042292,0.33865134388222606,0.7704486715432013,-5.216929508753074,-0.4174577660687338,9.067286491394043,-0.9396341809213857,0.4499620367786519,0.9475901162547224,-6.665921035831727,-0.2394183772120611,9.97968053817749,-1.0374867570543582,0.49548098422821274,1.1046675025578867,-7.075451951877383,-0.1979707150888938,11.47810173034668,-1.1568932716312903,0.7143161675751188,1.4646293001371355,-6.159774277658912,-0.2090095252843327,12.545007228851318,-1.103827424347218,0.6707492034915891,1.8411127938381395,-11.587270892304607,-0.0453568953594195,13.731835842132568,-1.2588744912344647,0.7965611975364802,2.0847833402854516,-11.029714054547888,-0.1100352053435902,14.40163278579712,-1.198200890756345,1.5991060893836977,2.103139686146486,-9.747220021880851,0.0526244458733724,0.4112278341921727
TP53_e7,GGAGGAC,110,700,"2x,4x,6x,8x,10x,12x,14x",5.608345031738281,-0.8343106648603924,4.416472911834717,31.91217422485352,27.495701313018802,-12.0584825873851,0.1897765092154894,12.24825909660059,-0.1543064438497509,-0.42724342730455966,-0.43181480909570547,9.067126274108887,-0.9162970454725209,0.4485429937298844,0.9092361223491523,-6.925801474009204,-0.0556784420522855,12.067755699157715,-1.1266117312136084,0.5708372682222523,0.8342899054682225,-6.3360731879351935,-0.0368694103539255,14.579705715179443,-1.2770334431834596,1.1182517093304254,1.6277409630120319,-8.370744356394445,-0.0445019718553553,18.055553436279297,-1.2687791050868478,1.0256663973228466,1.7028807728277688,-9.218528655475044,0.0410213764369759,20.73885154724121,-1.4653548202863012,2.033112633884673,2.451112226343203,-9.87945757255667,0.1897765092154894,23.943659782409668,-2.4939572643701045,4.759908779888309,2.705362197731008,-12.0584825873851,-0.3577089303073734,28.483942985534668,-4.877994644106194,5.364994461633117,2.897622255948945,-10.490950150447125,-0.7934336002505676,3.9616975986336733
