exon_id,motif_family,classification,subtype,n_variants,n_levels,left_plateau_present,left_plateau_level,left_plateau_CI_low,left_plateau_CI_high,left_plateau_IQR,left_plateau_x_min,left_plateau_x_max,left_plateau_onset_x,left_plateau_n_points,left_plateau_x_fraction,left_plateau_censored,left_plateau_nx_levels,left_plateau_dose_span,right_plateau_present,right_plateau_level,right_plateau_CI_low,right_plateau_CI_high,right_plateau_IQR,right_plateau_x_min,right_plateau_x_max,right_plateau_onset_x,right_plateau_n_points,right_plateau_x_fraction,right_plateau_censored,right_plateau_nx_levels,right_plateau_dose_span,global_response_range,global_slope,branch_score,multimodal_flag,flatness_score,highest_Nx,still_changing_at_highest_Nx,confidence,warnings
COL6A1_e14,CNNC,NO_SATURATION_IN_RANGE,,600,6,False,,,,,,,,0,,False,,,False,,,,,,,,0,,False,,,3.0617327053826027,0.4839897905872219,0.1,False,3.0617327053826027,12,True,medium,still changing at 12x (Δmedian=-3.04); far plateau may be outside range; curve still responding at both edges of the sampled PNAS range
COL6A1_e14,GGA,AMBIGUOUS_OR_MULTIMODAL,branch_score=0.236,700,7,False,,,,,,,,0,,False,,,False,,,,,,,,0,,False,,,5.124582782837106,0.31984235657830945,0.2359513791491351,True,5.124582782837106,14,False,low,substantial secondary branch; a single median curve is not a faithful summary and no plateau level is reported
COL6A1_e14,GGAGGAC,INSUFFICIENT_RANGE,"3 dose levels, n=300",300,3,False,,,,,,,,0,,False,,,False,,,,,,,,0,,False,,,,0.24516568966933036,,False,,6,False,low,only 3 feasible Nx levels; cannot separate plateau from transition
COL6A1_e14,UAG,NO_SATURATION_IN_RANGE,,500,5,False,,,,,,,,0,,False,,,False,,,,,,,,0,,False,,,5.0150400062871245,0.4200015232848029,0.0,False,5.0150400062871245,10,False,medium,curve still responding at both edges of the sampled PNAS range
COL6A1_e9,CNNC,NO_SATURATION_IN_RANGE,,600,6,False,,,,,,,,0,,False,,,False,,,,,,,,0,,False,,,2.9417237353433596,0.41462416821328824,0.0,False,2.9417237353433596,12,True,medium,still changing at 12x (Δmedian=-1.21); far plateau may be outside range; curve still responding at both edges of the sampled PNAS range
COL6A1_e9,GGA,RIGHT_SATURATION,,700,7,False,,,,,,,,0,,False,,,True,-0.5676314568677092,-1.3263111274962347,-0.2595652553834651,3.3993143400355033,7.224328517913818,10.98723316192627,6.940556287765503,214,0.40577059434884016,False,"2x,4x,6x,8x,10x,12x,14x",5.246189325808621,7.384854281589267,0.8795802511690437,0.15451145395044416,False,7.384854281589267,14,True,medium,"moderate branching (branch_score=0.155); still changing at 14x (Δmedian=-0.74); far plateau may be outside range; right plateau spans 5.2 logit across the doses it contains: likely PNAS-space dose mixing, not a converged plateau"
COL6A1_e9,GGAGGAC,INSUFFICIENT_RANGE,"3 dose levels, n=300",300,3,False,,,,,,,,0,,False,,,False,,,,,,,,0,,False,,,,0.5025763106221572,,False,,6,False,low,only 3 feasible Nx levels; cannot separate plateau from transition
COL6A1_e9,UAG,NO_SATURATION_IN_RANGE,,500,5,False,,,,,,,,0,,False,,,False,,,,,,,,0,,False,,,9.646921518150775,0.6518781187358995,0.02217741935483871,False,9.646921518150775,10,False,medium,curve still responding at both edges of the sampled PNAS range
DMXL2_e36,CNNC,GLOBAL_SATURATION,ALREADY_FLAT / LOW_RESPONSE_RANGE,700,7,True,-1.7717850171886584,-1.8060076104892184,-1.72727814206437,0.6372292208613282,-0.6642872095108032,13.45518684387207,,700,1.0,False,,,False,,,,,,,,0,,False,,,0.1983860611824857,0.04243304128821059,0.11136044880785415,False,0.1983860611824857,14,False,high,central curve spans only 0.20 logit across 14.1 PNAS units
DMXL2_e36,GGA,GLOBAL_SATURATION,ALREADY_FLAT / LOW_RESPONSE_RANGE,700,7,True,-1.3263111274962347,-1.3851760584949329,-1.277742194643132,0.6412338659742505,0.355916678905487,20.55470848083496,,700,1.0,False,,,False,,,,,,,,0,,False,,,0.45448693964520537,0.017367895327342883,0.07592332865825151,False,0.45448693964520537,14,False,high,central curve spans only 0.45 logit across 20.2 PNAS units
DMXL2_e36,GGAGGAC,GLOBAL_SATURATION,ALREADY_FLAT / LOW_RESPONSE_RANGE,700,7,True,-1.2833085169506244,-1.3278306193641003,-1.2167118301033657,1.1715758501874391,2.145664691925049,32.15089797973633,,700,1.0,False,,,False,,,,,,,,0,,False,,,0.9982084847841477,-0.03681050547695749,0.1342683496961197,False,0.9982084847841477,14,True,medium,moderate branching (branch_score=0.134); still changing at 14x (Δmedian=-0.83); far plateau may be outside range; central curve spans only 1.00 logit across 30.0 PNAS units
DMXL2_e36,UAG,BOTH_SIDES,,700,7,True,-11.907448255321402,-12.046909515170045,-11.75458997382687,1.6674282001595309,-19.272367477416992,-9.641909122467041,-8.744991302490234,274,0.4412448968072825,False,"8x,10x,12x,14x",1.4115400497199406,True,-1.4878192030823842,-1.5517434777998054,-1.4445941000118026,0.3956050800547326,-1.2431175708770752,2.55328631401062,-2.180722713470459,122,0.17394227550602842,False,"2x,4x,6x,8x",4.656890418704048,11.052581178452572,0.6287040293635274,0.05862552594670407,False,11.052581178452572,14,True,medium,"still changing at 14x (Δmedian=-0.61); far plateau may be outside range; right plateau spans 4.7 logit across the doses it contains: likely PNAS-space dose mixing, not a converged plateau"
GFPT1_e9,CNNC,NO_SATURATION_IN_RANGE,,600,6,False,,,,,,,,0,,False,,,False,,,,,,,,0,,False,,,6.817716660109226,1.011311228218994,0.135,False,6.817716660109226,12,True,medium,moderate branching (branch_score=0.135); still changing at 12x (Δmedian=-2.16); far plateau may be outside range; curve still responding at both edges of the sampled PNAS range
GFPT1_e9,GGA,NO_SATURATION_IN_RANGE,,700,7,False,,,,,,,,0,,False,,,False,,,,,,,,0,,False,,,5.290996132711043,0.4839278569504475,0.16671341748480598,False,5.290996132711043,14,True,medium,moderate branching (branch_score=0.167); still changing at 14x (Δmedian=-1.60); far plateau may be outside range; curve still responding at both edges of the sampled PNAS range
GFPT1_e9,GGAGGAC,INSUFFICIENT_RANGE,"3 dose levels, n=300",300,3,False,,,,,,,,0,,False,,,False,,,,,,,,0,,False,,,,0.7742313568451835,,False,,6,False,low,only 3 feasible Nx levels; cannot separate plateau from transition
GFPT1_e9,UAG,LEFT_SATURATION,,500,5,True,-15.3286360274844,,,1.0145373571241958,-12.953417778015137,-9.800872802734377,-8.638360977172852,94,0.23461606789364675,True,"6x,8x,10x",0.4885263313686057,False,,,,,,,,0,,False,,,3.7934773486840676,0.29019667828301493,0.0059223790322580645,False,3.7934773486840676,10,True,medium,"still changing at 10x (Δmedian=-0.46); far plateau may be outside range; left plateau sits on the -16.118 clip: OBSERVED_LOWER_BOUND, not a biological saturation level"
LDLR_e7,CNNC,RIGHT_SATURATION,,700,7,False,,,,,,,,0,,False,,,True,-1.7496736612352968,-1.7797572282438296,-1.6877614079895111,0.7618811857889085,11.664709091186523,14.647808074951172,11.392446994781494,214,0.3524525716706648,False,"2x,4x,6x,8x,10x,12x,14x",0.8169492280310418,1.2585126317758837,0.3472885335816095,0.13408134642356243,False,1.2585126317758837,14,True,medium,moderate branching (branch_score=0.134); still changing at 14x (Δmedian=-0.40); far plateau may be outside range
LDLR_e7,GGA,GLOBAL_SATURATION,ALREADY_FLAT / LOW_RESPONSE_RANGE,700,7,True,-1.7657331707012944,-1.7954137692221916,-1.7144758680123158,0.6583979098359127,5.977225303649902,23.68133354187012,,700,1.0,False,,,False,,,,,,,,0,,False,,,0.15704888620318513,0.05277191844845361,0.1138849929873773,False,0.15704888620318513,14,False,high,central curve spans only 0.16 logit across 17.7 PNAS units
LDLR_e7,GGAGGAC,LEFT_SATURATION,,700,7,True,-1.8416197086134334,-1.934104251415816,-1.755141301640878,0.9919665597659433,10.958216667175291,22.89307403564453,23.652572631835938,426,0.5894495422566707,False,"2x,4x,6x,8x,10x,12x",9.105786145191615,False,,,,,,,,0,,False,,,7.287429987522513,-0.35173907761396694,0.17896213183730716,False,7.287429987522513,14,True,medium,"moderate branching (branch_score=0.179); still changing at 14x (Δmedian=-1.96); far plateau may be outside range; left plateau spans 9.1 logit across the doses it contains: likely PNAS-space dose mixing, not a converged plateau"
LDLR_e7,UAG,BOTH_SIDES,,700,7,True,-13.783003280775713,,,1.9183547963487442,-15.02604866027832,-1.0000258684158323,-0.1282879114151001,366,0.5833623596152955,True,"6x,8x,10x,12x,14x",2.861589593201817,True,-1.4745714032110357,-1.530207987056087,-1.403580938935048,0.3437143723880556,5.287153244018555,9.01736545562744,4.208468437194824,122,0.15514486393765467,False,"2x,4x,6x",2.34067065654148,13.430888627829532,0.6692599224105781,0.047311827956989246,False,13.430888627829532,14,True,medium,"still changing at 14x (Δmedian=-0.65); far plateau may be outside range; left plateau sits on the -16.118 clip: OBSERVED_LOWER_BOUND, not a biological saturation level"
MEGF8_e41,CNNC,RIGHT_SATURATION,,700,7,False,,,,,,,,0,,False,,,True,-2.3251484850052826,-2.4781298883427714,-2.2019127228979487,2.1407737950996695,8.245580196380615,12.64235782623291,7.938601493835449,244,0.4788656578475797,False,"2x,4x,6x,8x,10x,12x,14x",1.4233941461978228,2.708002746815598,0.35035291328112916,0.18228143992519868,False,2.708002746815598,14,True,medium,moderate branching (branch_score=0.182); still changing at 14x (Δmedian=-0.84); far plateau may be outside range
MEGF8_e41,GGA,AMBIGUOUS_OR_MULTIMODAL,branch_score=0.263,700,7,False,,,,,,,,0,,False,,,False,,,,,,,,0,,False,,,5.662583986650266,0.27175530923150965,0.26287985039738193,True,5.662583986650266,14,False,low,substantial secondary branch; a single median curve is not a faithful summary and no plateau level is reported
MEGF8_e41,GGAGGAC,AMBIGUOUS_OR_MULTIMODAL,branch_score=0.280,700,7,False,,,,,,,,0,,False,,,False,,,,,,,,0,,False,,,4.340799801826281,-0.03295122349504509,0.27971014492753615,True,4.340799801826281,14,False,low,substantial secondary branch; a single median curve is not a faithful summary and no plateau level is reported
MEGF8_e41,UAG,LEFT_SATURATION,,700,7,True,-13.97497833502212,-14.152518851854866,-13.853194176732426,1.3900070735689454,-16.35808753967285,-10.650443077087402,-9.71198558807373,153,0.2838173821281423,False,"10x,12x,14x",0.23846674965450632,False,,,,,,,,0,,False,,,4.302226671512454,0.2309610294620364,0.001402524544179523,False,4.302226671512454,14,False,high,
TP53_e6,CNNC,AMBIGUOUS_OR_MULTIMODAL,branch_score=0.246,700,7,False,,,,,,,,0,,False,,,False,,,,,,,,0,,False,,,5.735310244843946,0.3961440553420139,0.24600280504908834,True,5.735310244843946,14,False,low,substantial secondary branch; a single median curve is not a faithful summary and no plateau level is reported
TP53_e6,GGA,AMBIGUOUS_OR_MULTIMODAL,branch_score=0.205,700,7,False,,,,,,,,0,,False,,,False,,,,,,,,0,,False,,,5.619001990381557,0.2780211667372785,0.20467508181393174,True,5.619001990381557,14,False,low,substantial secondary branch; a single median curve is not a faithful summary and no plateau level is reported
TP53_e6,GGAGGAC,NO_SATURATION_IN_RANGE,,700,7,False,,,,,,,,0,,False,,,False,,,,,,,,0,,False,,,4.769858373583922,-0.03223072422221341,0.1817671809256662,False,4.769858373583922,14,True,medium,moderate branching (branch_score=0.182); still changing at 14x (Δmedian=-1.94); far plateau may be outside range; curve still responding at both edges of the sampled PNAS range
TP53_e6,UAG,LEFT_SATURATION,,700,7,True,-14.5473855704903,-14.676696447070931,-14.39589917836667,1.4225554228751278,-19.919801712036133,-10.957813262939453,-10.129427909851074,244,0.43318319629488405,False,"6x,8x,10x,12x,14x",1.2725747507689444,False,,,,,,,,0,,False,,,4.585762534090247,0.21693424281130522,0.0014492753623188406,False,4.585762534090247,14,True,medium,still changing at 14x (Δmedian=-0.37); far plateau may be outside range
TP53_e7,CNNC,RIGHT_SATURATION,,700,7,False,,,,,,,,0,,False,,,True,-1.168525657288474,-1.2685960455451497,-1.0685639897029855,1.3092317750244253,6.113717317581177,10.224278450012209,5.908087730407715,335,0.4947276651643628,False,"2x,4x,6x,8x,10x,12x,14x",2.3976770399169567,1.6036243736157392,0.36142357510965234,0.18139317438055166,False,1.6036243736157392,14,True,medium,moderate branching (branch_score=0.181); still changing at 14x (Δmedian=-1.96); far plateau may be outside range
TP53_e7,GGA,GLOBAL_SATURATION,ALREADY_FLAT / LOW_RESPONSE_RANGE,700,7,True,-1.0581671544744369,-1.1002813130438003,-1.0184992873909426,0.61957010036365,3.6425180435180655,20.3811149597168,,700,1.0,False,,,False,,,,,,,,0,,False,,,0.25113937595619895,-0.06018179923149993,0.10878915381019168,False,0.25113937595619895,14,False,high,central curve spans only 0.25 logit across 16.7 PNAS units
TP53_e7,GGAGGAC,LEFT_SATURATION,,700,7,True,-1.2006828713190736,-1.2680617247209345,-1.119802208789073,0.8438476074376922,7.056650638580322,22.618226051330566,23.7685546875,487,0.6701142397835265,False,"2x,4x,6x,8x,10x,12x",3.109574236374894,False,,,,,,,,0,,False,,,3.4224642139966344,-0.15430644384975087,0.1385226741467976,False,3.4224642139966344,14,True,medium,moderate branching (branch_score=0.139); still changing at 14x (Δmedian=-2.38); far plateau may be outside range
TP53_e7,UAG,BOTH_SIDES,,700,7,True,-12.17651238126622,-12.405335631498998,-11.887473201760988,1.7383596678697373,-16.928152084350586,-10.697155952453612,-9.89009141921997,153,0.2936180777304012,False,"10x,12x,14x",1.251495124485567,True,-0.9953393297534817,-1.0459177989142778,-0.94825525389166,0.45024336005734045,1.7295771837234497,4.293280124664307,0.7326984703540802,92,0.12080725352041945,False,"2x,4x,6x",2.4159456901992082,11.425736959485304,0.6190607996230032,0.07148200093501636,False,11.425736959485304,14,True,medium,still changing at 14x (Δmedian=-0.73); far plateau may be outside range
