exon_id,exon_length,motif_family,copy_number,feasible,n_generated,max_feasible_copies,attempts,reason
TP53_e6,113,UAG,2,True,100,23,100.0,
TP53_e6,113,UAG,4,True,100,23,100.0,
TP53_e6,113,UAG,6,True,100,23,100.0,
TP53_e6,113,UAG,8,True,100,23,100.0,
TP53_e6,113,UAG,10,True,100,23,100.0,
TP53_e6,113,UAG,12,True,100,23,100.0,
TP53_e6,113,UAG,14,True,100,23,100.0,
TP53_e6,113,CNNC,2,True,100,28,100.0,
TP53_e6,113,CNNC,4,True,100,28,100.0,
TP53_e6,113,CNNC,6,True,100,28,100.0,
TP53_e6,113,CNNC,8,True,100,28,100.0,
TP53_e6,113,CNNC,10,True,100,28,100.0,
TP53_e6,113,CNNC,12,True,100,28,100.0,
TP53_e6,113,CNNC,14,True,100,28,100.0,
TP53_e6,113,GGA,2,True,100,37,103.0,
TP53_e6,113,GGA,4,True,100,37,100.0,
TP53_e6,113,GGA,6,True,100,37,100.0,
TP53_e6,113,GGA,8,True,100,37,100.0,
TP53_e6,113,GGA,10,True,100,37,100.0,
TP53_e6,113,GGA,12,True,100,37,100.0,
TP53_e6,113,GGA,14,True,100,37,100.0,
TP53_e6,113,GGAGGAC,2,True,100,16,101.0,
TP53_e6,113,GGAGGAC,4,True,100,16,100.0,
TP53_e6,113,GGAGGAC,6,True,100,16,100.0,
TP53_e6,113,GGAGGAC,8,True,100,16,100.0,
TP53_e6,113,GGAGGAC,10,True,100,16,100.0,
TP53_e6,113,GGAGGAC,12,True,100,16,100.0,
TP53_e6,113,GGAGGAC,14,True,100,16,100.0,
TP53_e7,110,UAG,2,True,100,22,103.0,
TP53_e7,110,UAG,4,True,100,22,100.0,
TP53_e7,110,UAG,6,True,100,22,100.0,
TP53_e7,110,UAG,8,True,100,22,100.0,
TP53_e7,110,UAG,10,True,100,22,100.0,
TP53_e7,110,UAG,12,True,100,22,100.0,
TP53_e7,110,UAG,14,True,100,22,100.0,
TP53_e7,110,CNNC,2,True,100,27,100.0,
TP53_e7,110,CNNC,4,True,100,27,100.0,
TP53_e7,110,CNNC,6,True,100,27,100.0,
TP53_e7,110,CNNC,8,True,100,27,100.0,
TP53_e7,110,CNNC,10,True,100,27,100.0,
TP53_e7,110,CNNC,12,True,100,27,100.0,
TP53_e7,110,CNNC,14,True,100,27,100.0,
TP53_e7,110,GGA,2,True,100,36,102.0,
TP53_e7,110,GGA,4,True,100,36,100.0,
TP53_e7,110,GGA,6,True,100,36,100.0,
TP53_e7,110,GGA,8,True,100,36,100.0,
TP53_e7,110,GGA,10,True,100,36,100.0,
TP53_e7,110,GGA,12,True,100,36,100.0,
TP53_e7,110,GGA,14,True,100,36,100.0,
TP53_e7,110,GGAGGAC,2,True,100,15,100.0,
TP53_e7,110,GGAGGAC,4,True,100,15,100.0,
TP53_e7,110,GGAGGAC,6,True,100,15,100.0,
TP53_e7,110,GGAGGAC,8,True,100,15,100.0,
TP53_e7,110,GGAGGAC,10,True,100,15,100.0,
TP53_e7,110,GGAGGAC,12,True,100,15,100.0,
TP53_e7,110,GGAGGAC,14,True,100,15,100.0,
COL6A1_e9,54,UAG,2,True,100,11,103.0,
COL6A1_e9,54,UAG,4,True,100,11,100.0,
COL6A1_e9,54,UAG,6,True,100,11,100.0,
COL6A1_e9,54,UAG,8,True,100,11,100.0,
COL6A1_e9,54,UAG,10,True,100,11,100.0,
COL6A1_e9,54,UAG,12,False,0,11,,"12 copies need 58 nt (3-mer, 2-nt required gap) > exon length 54"
COL6A1_e9,54,UAG,14,False,0,11,,"14 copies need 68 nt (3-mer, 2-nt required gap) > exon length 54"
COL6A1_e9,54,CNNC,2,True,100,13,101.0,
COL6A1_e9,54,CNNC,4,True,100,13,100.0,
COL6A1_e9,54,CNNC,6,True,100,13,100.0,
COL6A1_e9,54,CNNC,8,True,100,13,100.0,
COL6A1_e9,54,CNNC,10,True,100,13,100.0,
COL6A1_e9,54,CNNC,12,True,100,13,100.0,
COL6A1_e9,54,CNNC,14,False,0,13,,"14 copies need 56 nt (4-mer, 0-nt required gap) > exon length 54"
COL6A1_e9,54,GGA,2,True,100,18,105.0,
COL6A1_e9,54,GGA,4,True,100,18,100.0,
COL6A1_e9,54,GGA,6,True,100,18,100.0,
COL6A1_e9,54,GGA,8,True,100,18,100.0,
COL6A1_e9,54,GGA,10,True,100,18,100.0,
COL6A1_e9,54,GGA,12,True,100,18,100.0,
COL6A1_e9,54,GGA,14,True,100,18,100.0,
COL6A1_e9,54,GGAGGAC,2,True,100,7,107.0,
COL6A1_e9,54,GGAGGAC,4,True,100,7,101.0,
COL6A1_e9,54,GGAGGAC,6,True,100,7,101.0,
COL6A1_e9,54,GGAGGAC,8,False,0,7,,"8 copies need 56 nt (7-mer, 0-nt required gap) > exon length 54"
COL6A1_e9,54,GGAGGAC,10,False,0,7,,"10 copies need 70 nt (7-mer, 0-nt required gap) > exon length 54"
COL6A1_e9,54,GGAGGAC,12,False,0,7,,"12 copies need 84 nt (7-mer, 0-nt required gap) > exon length 54"
COL6A1_e9,54,GGAGGAC,14,False,0,7,,"14 copies need 98 nt (7-mer, 0-nt required gap) > exon length 54"
DMXL2_e36,122,UAG,2,True,100,24,100.0,
DMXL2_e36,122,UAG,4,True,100,24,100.0,
DMXL2_e36,122,UAG,6,True,100,24,100.0,
DMXL2_e36,122,UAG,8,True,100,24,100.0,
DMXL2_e36,122,UAG,10,True,100,24,100.0,
DMXL2_e36,122,UAG,12,True,100,24,100.0,
DMXL2_e36,122,UAG,14,True,100,24,100.0,
DMXL2_e36,122,CNNC,2,True,100,30,100.0,
DMXL2_e36,122,CNNC,4,True,100,30,100.0,
DMXL2_e36,122,CNNC,6,True,100,30,100.0,
DMXL2_e36,122,CNNC,8,True,100,30,100.0,
DMXL2_e36,122,CNNC,10,True,100,30,100.0,
DMXL2_e36,122,CNNC,12,True,100,30,100.0,
DMXL2_e36,122,CNNC,14,True,100,30,100.0,
DMXL2_e36,122,GGA,2,True,100,40,102.0,
DMXL2_e36,122,GGA,4,True,100,40,100.0,
DMXL2_e36,122,GGA,6,True,100,40,100.0,
DMXL2_e36,122,GGA,8,True,100,40,100.0,
DMXL2_e36,122,GGA,10,True,100,40,100.0,
DMXL2_e36,122,GGA,12,True,100,40,100.0,
DMXL2_e36,122,GGA,14,True,100,40,100.0,
DMXL2_e36,122,GGAGGAC,2,True,100,17,102.0,
DMXL2_e36,122,GGAGGAC,4,True,100,17,100.0,
DMXL2_e36,122,GGAGGAC,6,True,100,17,100.0,
DMXL2_e36,122,GGAGGAC,8,True,100,17,100.0,
DMXL2_e36,122,GGAGGAC,10,True,100,17,100.0,
DMXL2_e36,122,GGAGGAC,12,True,100,17,100.0,
DMXL2_e36,122,GGAGGAC,14,True,100,17,100.0,
LDLR_e7,120,UAG,2,True,100,24,102.0,
LDLR_e7,120,UAG,4,True,100,24,100.0,
LDLR_e7,120,UAG,6,True,100,24,100.0,
LDLR_e7,120,UAG,8,True,100,24,100.0,
LDLR_e7,120,UAG,10,True,100,24,100.0,
LDLR_e7,120,UAG,12,True,100,24,100.0,
LDLR_e7,120,UAG,14,True,100,24,100.0,
LDLR_e7,120,CNNC,2,True,100,30,101.0,
LDLR_e7,120,CNNC,4,True,100,30,100.0,
LDLR_e7,120,CNNC,6,True,100,30,100.0,
LDLR_e7,120,CNNC,8,True,100,30,100.0,
LDLR_e7,120,CNNC,10,True,100,30,100.0,
LDLR_e7,120,CNNC,12,True,100,30,100.0,
LDLR_e7,120,CNNC,14,True,100,30,100.0,
LDLR_e7,120,GGA,2,True,100,40,100.0,
LDLR_e7,120,GGA,4,True,100,40,100.0,
LDLR_e7,120,GGA,6,True,100,40,100.0,
LDLR_e7,120,GGA,8,True,100,40,100.0,
LDLR_e7,120,GGA,10,True,100,40,100.0,
LDLR_e7,120,GGA,12,True,100,40,100.0,
LDLR_e7,120,GGA,14,True,100,40,100.0,
LDLR_e7,120,GGAGGAC,2,True,100,17,103.0,
LDLR_e7,120,GGAGGAC,4,True,100,17,100.0,
LDLR_e7,120,GGAGGAC,6,True,100,17,100.0,
LDLR_e7,120,GGAGGAC,8,True,100,17,100.0,
LDLR_e7,120,GGAGGAC,10,True,100,17,100.0,
LDLR_e7,120,GGAGGAC,12,True,100,17,100.0,
LDLR_e7,120,GGAGGAC,14,True,100,17,100.0,
COL6A1_e14,54,UAG,2,True,100,11,102.0,
COL6A1_e14,54,UAG,4,True,100,11,101.0,
COL6A1_e14,54,UAG,6,True,100,11,100.0,
COL6A1_e14,54,UAG,8,True,100,11,100.0,
COL6A1_e14,54,UAG,10,True,100,11,101.0,
COL6A1_e14,54,UAG,12,False,0,11,,"12 copies need 58 nt (3-mer, 2-nt required gap) > exon length 54"
COL6A1_e14,54,UAG,14,False,0,11,,"14 copies need 68 nt (3-mer, 2-nt required gap) > exon length 54"
COL6A1_e14,54,CNNC,2,True,100,13,100.0,
COL6A1_e14,54,CNNC,4,True,100,13,100.0,
COL6A1_e14,54,CNNC,6,True,100,13,100.0,
COL6A1_e14,54,CNNC,8,True,100,13,100.0,
COL6A1_e14,54,CNNC,10,True,100,13,100.0,
COL6A1_e14,54,CNNC,12,True,100,13,100.0,
COL6A1_e14,54,CNNC,14,False,0,13,,"14 copies need 56 nt (4-mer, 0-nt required gap) > exon length 54"
COL6A1_e14,54,GGA,2,True,100,18,101.0,
COL6A1_e14,54,GGA,4,True,100,18,100.0,
COL6A1_e14,54,GGA,6,True,100,18,100.0,
COL6A1_e14,54,GGA,8,True,100,18,100.0,
COL6A1_e14,54,GGA,10,True,100,18,100.0,
COL6A1_e14,54,GGA,12,True,100,18,100.0,
COL6A1_e14,54,GGA,14,True,100,18,100.0,
COL6A1_e14,54,GGAGGAC,2,True,100,7,107.0,
COL6A1_e14,54,GGAGGAC,4,True,100,7,100.0,
COL6A1_e14,54,GGAGGAC,6,True,100,7,100.0,
COL6A1_e14,54,GGAGGAC,8,False,0,7,,"8 copies need 56 nt (7-mer, 0-nt required gap) > exon length 54"
COL6A1_e14,54,GGAGGAC,10,False,0,7,,"10 copies need 70 nt (7-mer, 0-nt required gap) > exon length 54"
COL6A1_e14,54,GGAGGAC,12,False,0,7,,"12 copies need 84 nt (7-mer, 0-nt required gap) > exon length 54"
COL6A1_e14,54,GGAGGAC,14,False,0,7,,"14 copies need 98 nt (7-mer, 0-nt required gap) > exon length 54"
GFPT1_e9,54,UAG,2,True,100,11,104.0,
GFPT1_e9,54,UAG,4,True,100,11,100.0,
GFPT1_e9,54,UAG,6,True,100,11,100.0,
GFPT1_e9,54,UAG,8,True,100,11,100.0,
GFPT1_e9,54,UAG,10,True,100,11,102.0,
GFPT1_e9,54,UAG,12,False,0,11,,"12 copies need 58 nt (3-mer, 2-nt required gap) > exon length 54"
GFPT1_e9,54,UAG,14,False,0,11,,"14 copies need 68 nt (3-mer, 2-nt required gap) > exon length 54"
GFPT1_e9,54,CNNC,2,True,100,13,100.0,
GFPT1_e9,54,CNNC,4,True,100,13,100.0,
GFPT1_e9,54,CNNC,6,True,100,13,100.0,
GFPT1_e9,54,CNNC,8,True,100,13,100.0,
GFPT1_e9,54,CNNC,10,True,100,13,100.0,
GFPT1_e9,54,CNNC,12,True,100,13,100.0,
GFPT1_e9,54,CNNC,14,False,0,13,,"14 copies need 56 nt (4-mer, 0-nt required gap) > exon length 54"
GFPT1_e9,54,GGA,2,True,100,18,106.0,
GFPT1_e9,54,GGA,4,True,100,18,100.0,
GFPT1_e9,54,GGA,6,True,100,18,100.0,
GFPT1_e9,54,GGA,8,True,100,18,100.0,
GFPT1_e9,54,GGA,10,True,100,18,100.0,
GFPT1_e9,54,GGA,12,True,100,18,100.0,
GFPT1_e9,54,GGA,14,True,100,18,100.0,
GFPT1_e9,54,GGAGGAC,2,True,100,7,107.0,
GFPT1_e9,54,GGAGGAC,4,True,100,7,100.0,
GFPT1_e9,54,GGAGGAC,6,True,100,7,101.0,
GFPT1_e9,54,GGAGGAC,8,False,0,7,,"8 copies need 56 nt (7-mer, 0-nt required gap) > exon length 54"
GFPT1_e9,54,GGAGGAC,10,False,0,7,,"10 copies need 70 nt (7-mer, 0-nt required gap) > exon length 54"
GFPT1_e9,54,GGAGGAC,12,False,0,7,,"12 copies need 84 nt (7-mer, 0-nt required gap) > exon length 54"
GFPT1_e9,54,GGAGGAC,14,False,0,7,,"14 copies need 98 nt (7-mer, 0-nt required gap) > exon length 54"
MEGF8_e41,133,UAG,2,True,100,27,101.0,
MEGF8_e41,133,UAG,4,True,100,27,100.0,
MEGF8_e41,133,UAG,6,True,100,27,100.0,
MEGF8_e41,133,UAG,8,True,100,27,100.0,
MEGF8_e41,133,UAG,10,True,100,27,100.0,
MEGF8_e41,133,UAG,12,True,100,27,100.0,
MEGF8_e41,133,UAG,14,True,100,27,100.0,
MEGF8_e41,133,CNNC,2,True,100,33,100.0,
MEGF8_e41,133,CNNC,4,True,100,33,100.0,
MEGF8_e41,133,CNNC,6,True,100,33,100.0,
MEGF8_e41,133,CNNC,8,True,100,33,100.0,
MEGF8_e41,133,CNNC,10,True,100,33,100.0,
MEGF8_e41,133,CNNC,12,True,100,33,100.0,
MEGF8_e41,133,CNNC,14,True,100,33,100.0,
MEGF8_e41,133,GGA,2,True,100,44,101.0,
MEGF8_e41,133,GGA,4,True,100,44,100.0,
MEGF8_e41,133,GGA,6,True,100,44,100.0,
MEGF8_e41,133,GGA,8,True,100,44,100.0,
MEGF8_e41,133,GGA,10,True,100,44,100.0,
MEGF8_e41,133,GGA,12,True,100,44,100.0,
MEGF8_e41,133,GGA,14,True,100,44,100.0,
MEGF8_e41,133,GGAGGAC,2,True,100,19,103.0,
MEGF8_e41,133,GGAGGAC,4,True,100,19,100.0,
MEGF8_e41,133,GGAGGAC,6,True,100,19,100.0,
MEGF8_e41,133,GGAGGAC,8,True,100,19,100.0,
MEGF8_e41,133,GGAGGAC,10,True,100,19,100.0,
MEGF8_e41,133,GGAGGAC,12,True,100,19,100.0,
MEGF8_e41,133,GGAGGAC,14,True,100,19,100.0,
