series,metric,term,order,effect_F_minus_P,n_F
e6,median_mean_logit,L1,1,-1.2494463336418127,32.0
e6,median_mean_logit,L2,1,-1.603415982489234,32.0
e6,median_mean_logit,L3,1,0.10749134195697696,32.0
e6,median_mean_logit,R3,1,-0.052392525218277974,32.0
e6,median_mean_logit,R2,1,-0.6279326031746155,32.0
e6,median_mean_logit,R1,1,-1.0399513572045493,32.0
e6,median_mean_logit,L1xL2,2,0.7504543776536834,
e6,median_mean_logit,L1xL3,2,0.02011684986675011,
e6,median_mean_logit,L1xR3,2,0.038333688973174684,
e6,median_mean_logit,L1xR2,2,-0.37349513282808067,
e6,median_mean_logit,L1xR1,2,-0.8849117828498407,
e6,median_mean_logit,L2xL3,2,0.1398704290049304,
e6,median_mean_logit,L2xR3,2,0.011560398307032926,
e6,median_mean_logit,L2xR2,2,0.16096636361265837,
e6,median_mean_logit,L2xR1,2,0.5224624007450442,
e6,median_mean_logit,L3xR3,2,-0.018194756069223494,
e6,median_mean_logit,L3xR2,2,-0.02298442618183838,
e6,median_mean_logit,L3xR1,2,-0.03405397632554541,
e6,median_mean_logit,R3xR2,2,-0.04204814579986582,
e6,median_mean_logit,R3xR1,2,0.018835502482128508,
e6,median_mean_logit,R2xR1,2,-0.5148273500443681,
e6,reported_level,L1,1,-0.2731543508847709,32.0
e6,reported_level,L2,1,-0.8385448425653479,32.0
e6,reported_level,L3,1,-0.007889559914397992,32.0
e6,reported_level,R3,1,0.04576940643196714,32.0
e6,reported_level,R2,1,-0.023282243279481918,32.0
e6,reported_level,R1,1,-0.09064074269967382,32.0
e6,reported_level,L1xL2,2,,
e6,reported_level,L1xL3,2,0.12379608103622264,
e6,reported_level,L1xR3,2,0.38304087114152363,
e6,reported_level,L1xR2,2,-0.6697381517168361,
e6,reported_level,L1xR1,2,,
e6,reported_level,L2xL3,2,0.06351086211478751,
e6,reported_level,L2xR3,2,-0.15865198276493597,
e6,reported_level,L2xR2,2,,
e6,reported_level,L2xR1,2,,
e6,reported_level,L3xR3,2,0.02613137154789147,
e6,reported_level,L3xR2,2,0.016835015007463205,
e6,reported_level,L3xR1,2,-0.04383742264977908,
e6,reported_level,R3xR2,2,0.19739549734258865,
e6,reported_level,R3xR1,2,-0.16627180524720853,
e6,reported_level,R2xR1,2,-0.9464789471353745,
e7,median_mean_logit,L1,1,-1.269524231092455,32.0
e7,median_mean_logit,L2,1,-1.0859400126438024,32.0
e7,median_mean_logit,L3,1,0.583503058787497,32.0
e7,median_mean_logit,R3,1,0.4948760492206321,32.0
e7,median_mean_logit,R2,1,-0.7025613381150637,32.0
e7,median_mean_logit,R1,1,-1.0336738378133172,32.0
e7,median_mean_logit,L1xL2,2,0.7421377012160608,
e7,median_mean_logit,L1xL3,2,-0.004340367398285583,
e7,median_mean_logit,L1xR3,2,0.04332863223512762,
e7,median_mean_logit,L1xR2,2,-0.4473701011287794,
e7,median_mean_logit,L1xR1,2,-0.8148192443417881,
e7,median_mean_logit,L2xL3,2,0.5821003171837869,
e7,median_mean_logit,L2xR3,2,-0.012875473465031817,
e7,median_mean_logit,L2xR2,2,0.14908862126709588,
e7,median_mean_logit,L2xR1,2,0.45579733073054873,
e7,median_mean_logit,L3xR3,2,0.010947929573798199,
e7,median_mean_logit,L3xR2,2,-0.029941892793442282,
e7,median_mean_logit,L3xR1,2,-0.061373641625559916,
e7,median_mean_logit,R3xR2,2,-0.2433610112430742,
e7,median_mean_logit,R3xR1,2,0.10508090880259058,
e7,median_mean_logit,R2xR1,2,-0.5347316433485392,
e7,reported_level,L1,1,-0.6091922034649073,32.0
e7,reported_level,L2,1,-0.47660821266300957,32.0
e7,reported_level,L3,1,0.10662364329327279,32.0
e7,reported_level,R3,1,0.11869681200509241,32.0
e7,reported_level,R2,1,0.1206507184986867,32.0
e7,reported_level,R1,1,-0.4024372322415495,32.0
e7,reported_level,L1xL2,2,0.7258415752036793,
e7,reported_level,L1xL3,2,-0.17701590044493898,
e7,reported_level,L1xR3,2,-0.1318636265176929,
e7,reported_level,L1xR2,2,-0.1019036814836971,
e7,reported_level,L1xR1,2,-0.5267020310189903,
e7,reported_level,L2xL3,2,0.2263491877264041,
e7,reported_level,L2xR3,2,0.13465648281991882,
e7,reported_level,L2xR2,2,0.24658372159962472,
e7,reported_level,L2xR1,2,0.4556001270082195,
e7,reported_level,L3xR3,2,0.23075209769705562,
e7,reported_level,L3xR2,2,-0.04852592107844078,
e7,reported_level,L3xR1,2,-0.03488153049474896,
e7,reported_level,R3xR2,2,-0.45409746370435844,
e7,reported_level,R3xR1,2,0.10205119404885288,
e7,reported_level,R2xR1,2,0.03751647868671526,
