comparison,series,context_label,L1,L2,L3,R3,R2,R1,n_F_blocks,n_points,classification,subtype,left_plateau_present,left_plateau_mean_logit,left_CI_low,left_CI_high,left_x_min,left_x_max,left_onset_x,left_censored,right_plateau_present,right_plateau_mean_logit,right_CI_low,right_CI_high,right_x_min,right_x_max,right_onset_x,right_censored,global_plateau_mean_logit,global_CI_low,global_CI_high,response_y_range,global_slope,branch_score,multimodal_flag,flatness_score,confidence,warnings,median_mean_logit,IQR_mean_logit
TP53_e6,e6,FFFFFF,F,F,F,F,F,F,6,400,NO_SATURATION_IN_RANGE,,False,,,,,,,False,False,,,,,,,False,,,,3.2209925565490503,-0.0006960906676269845,0.047311827956989246,False,3.2209925565490503,medium,curve still responding at both edges of the sampled PNAS range,-6.615637608099277,2.381850116833899
TP53_e6,e6,FFFFFP,F,F,F,F,F,P,5,400,NO_SATURATION_IN_RANGE,,False,,,,,,,False,False,,,,,,,False,,,,4.531225000150887,0.03581815159704441,0.06220016542597188,False,4.531225000150887,medium,curve still responding at both edges of the sampled PNAS range,-5.4292427477353735,2.675513829871696
TP53_e6,e6,FFFFPF,F,F,F,F,P,F,5,400,NO_SATURATION_IN_RANGE,,False,,,,,,,False,False,,,,,,,False,,,,4.478528916792998,0.038618264813488026,0.05475599669148057,False,4.478528916792998,medium,curve still responding at both edges of the sampled PNAS range,-5.766250995937261,2.822141365430033
TP53_e6,e6,FFFFPP,F,F,F,F,P,P,4,400,NO_SATURATION_IN_RANGE,,False,,,,,,,False,False,,,,,,,False,,,,5.538627280372738,0.07322890918629706,0.06716294458229942,False,5.538627280372738,medium,curve still responding at both edges of the sampled PNAS range,-4.861419171782378,3.1661856755728772
TP53_e6,e6,FFFPFF,F,F,F,P,F,F,5,400,NO_SATURATION_IN_RANGE,,False,,,,,,,False,False,,,,,,,False,,,,3.132054878201137,-0.002835569950894549,0.04483043837882547,False,3.132054878201137,medium,curve still responding at both edges of the sampled PNAS range,-6.613825827515434,2.318987809040916
TP53_e6,e6,FFFPFP,F,F,F,P,F,P,4,400,NO_SATURATION_IN_RANGE,,False,,,,,,,False,False,,,,,,,False,,,,4.55693621830081,0.03849419677006037,0.06468155500413565,False,4.55693621830081,medium,curve still responding at both edges of the sampled PNAS range,-5.356085364652584,2.6120618617131295
TP53_e6,e6,FFFPPF,F,F,F,P,P,F,4,400,NO_SATURATION_IN_RANGE,,False,,,,,,,False,False,,,,,,,False,,,,4.688862350573343,0.040514880620131574,0.06220016542597188,False,4.688862350573343,medium,curve still responding at both edges of the sampled PNAS range,-5.74636116666101,2.8481715774628396
TP53_e6,e6,FFFPPP,F,F,F,P,P,P,3,400,NO_SATURATION_IN_RANGE,,False,,,,,,,False,False,,,,,,,False,,,,5.7473629978787635,0.07382180637172271,0.07212572373862697,False,5.7473629978787635,medium,curve still responding at both edges of the sampled PNAS range,-4.828899328087444,3.197536162856828
TP53_e6,e6,FFPFFF,F,F,P,F,F,F,5,400,NO_SATURATION_IN_RANGE,,False,,,,,,,False,False,,,,,,,False,,,,2.9242313893400063,-0.010173524975954694,0.04483043837882547,False,2.9242313893400063,medium,curve still responding at both edges of the sampled PNAS range,-6.749698590212009,2.1922638802323045
TP53_e6,e6,FFPFFP,F,F,P,F,F,P,4,400,NO_SATURATION_IN_RANGE,,False,,,,,,,False,False,,,,,,,False,,,,4.019214656298074,0.02322503265500616,0.057237386269644336,False,4.019214656298074,medium,curve still responding at both edges of the sampled PNAS range,-5.593838548799599,2.3588510005608914
TP53_e6,e6,FFPFPF,F,F,P,F,P,F,4,400,NO_SATURATION_IN_RANGE,,False,,,,,,,False,False,,,,,,,False,,,,3.961978170978308,0.026393910805460424,0.04979321753515302,False,3.961978170978308,medium,curve still responding at both edges of the sampled PNAS range,-5.923596846964138,2.5307393082823086
TP53_e6,e6,FFPFPP,F,F,P,F,P,P,3,400,NO_SATURATION_IN_RANGE,,False,,,,,,,False,False,,,,,,,False,,,,5.01862497387448,0.057935549390378954,0.05971877584780811,False,5.01862497387448,medium,curve still responding at both edges of the sampled PNAS range,-5.053125058406497,2.9208031945004014
TP53_e6,e6,FFPPFF,F,F,P,P,F,F,4,400,NO_SATURATION_IN_RANGE,,False,,,,,,,False,False,,,,,,,False,,,,2.946193824470484,-0.011980506062081824,0.04483043837882547,False,2.946193824470484,medium,curve still responding at both edges of the sampled PNAS range,-6.781551743746919,2.172302528128008
TP53_e6,e6,FFPPFP,F,F,P,P,F,P,3,400,NO_SATURATION_IN_RANGE,,False,,,,,,,False,False,,,,,,,False,,,,4.165609419412163,0.02524769424929165,0.05971877584780811,False,4.165609419412163,medium,curve still responding at both edges of the sampled PNAS range,-5.525258457997789,2.3072619250061193
TP53_e6,e6,FFPPPF,F,F,P,P,P,F,3,400,NO_SATURATION_IN_RANGE,,False,,,,,,,False,False,,,,,,,False,,,,4.122830415666762,0.027611014879819335,0.04979321753515302,False,4.122830415666762,medium,curve still responding at both edges of the sampled PNAS range,-5.915206637547906,2.54787576824845
TP53_e6,e6,FFPPPP,F,F,P,P,P,P,2,400,NO_SATURATION_IN_RANGE,,False,,,,,,,False,False,,,,,,,False,,,,5.096395363112846,0.05796472068138132,0.05971877584780811,False,5.096395363112846,medium,curve still responding at both edges of the sampled PNAS range,-5.083194603338056,2.940757029524638
TP53_e6,e6,FPFFFF,F,P,F,F,F,F,5,400,NO_SATURATION_IN_RANGE,,False,,,,,,,False,False,,,,,,,False,,,,5.228981391838085,0.044930364995612065,0.07708850289495452,False,5.228981391838085,medium,curve still responding at both edges of the sampled PNAS range,-6.075776915379895,3.5880558537124836
TP53_e6,e6,FPFFFP,F,P,F,F,F,P,4,400,NO_SATURATION_IN_RANGE,,False,,,,,,,False,False,,,,,,,False,,,,5.9505136772752385,0.09592238677101213,0.09735318444995866,False,5.9505136772752385,medium,curve still responding at both edges of the sampled PNAS range,-3.9659934432110506,3.4885010578612468
TP53_e6,e6,FPFFPF,F,P,F,F,P,F,4,400,NO_SATURATION_IN_RANGE,,False,,,,,,,False,False,,,,,,,False,,,,6.7568216399223395,0.09004453726348376,0.09222497932175353,False,6.7568216399223395,medium,curve still responding at both edges of the sampled PNAS range,-4.866581774893948,3.9842038220505103
TP53_e6,e6,FPFFPP,F,P,F,F,P,P,3,400,LEFT_SATURATION,,True,-4.882317045653186,-5.261414143255832,-4.688663941549158,-33.21510696411133,-8.348998069763184,-6.766810655593872,False,False,,,,,,,False,,,,8.121101709622968,0.15741831746495014,0.11728701406120762,False,8.121101709622968,high,,-3.1435390754868178,3.9051491277771273
TP53_e6,e6,FPFPFF,F,P,F,P,F,F,4,400,NO_SATURATION_IN_RANGE,,False,,,,,,,False,False,,,,,,,False,,,,5.07139526005572,0.04302273349502588,0.07212572373862697,False,5.07139526005572,medium,curve still responding at both edges of the sampled PNAS range,-6.002931638158549,3.432295519761537
TP53_e6,e6,FPFPFP,F,P,F,P,F,P,3,400,LEFT_SATURATION,,True,-5.5501071124363115,-5.835585335952793,-5.352784360748598,-33.21510696411133,-8.348998069763184,-6.766810655593872,False,False,,,,,,,False,,,,6.0802844995110785,0.09794427099764398,0.09983457402812243,False,6.0802844995110785,high,,-3.838718350140118,3.4825260135291938
TP53_e6,e6,FPFPPF,F,P,F,P,P,F,3,400,NO_SATURATION_IN_RANGE,,False,,,,,,,False,False,,,,,,,False,,,,6.875784619557414,0.09193000020673738,0.10463192721257236,False,6.875784619557414,medium,curve still responding at both edges of the sampled PNAS range,-4.856530394110635,4.002882327782234
TP53_e6,e6,FPFPPP,F,P,F,P,P,P,2,400,LEFT_SATURATION,,True,-5.056633892308929,-5.362219819319123,-4.6370457378963135,-33.21510696411133,-11.046714782714844,-8.348998069763184,False,False,,,,,,,False,,,,8.174764099484348,0.1587311710499731,0.11976840363937138,False,8.174764099484348,high,,-3.109490411209938,4.093519799743425
TP53_e6,e6,FPPFFF,F,P,P,F,F,F,4,400,NO_SATURATION_IN_RANGE,,False,,,,,,,False,False,,,,,,,False,,,,5.261345616249029,0.04696035110222604,0.08205128205128205,False,5.261345616249029,medium,curve still responding at both edges of the sampled PNAS range,-6.070516381376039,3.4766356529645397
TP53_e6,e6,FPPFFP,F,P,P,F,F,P,3,400,NO_SATURATION_IN_RANGE,,False,,,,,,,False,False,,,,,,,False,,,,5.857064072742709,0.09550633757847254,0.09743589743589744,False,5.857064072742709,medium,curve still responding at both edges of the sampled PNAS range,-3.9965087676559716,3.5107645174097812
TP53_e6,e6,FPPFPF,F,P,P,F,P,F,3,400,NO_SATURATION_IN_RANGE,,False,,,,,,,False,False,,,,,,,False,,,,6.816058626553003,0.09115798997957382,0.09718775847808106,False,6.816058626553003,medium,curve still responding at both edges of the sampled PNAS range,-4.9443313158211275,3.97090198800857
TP53_e6,e6,FPPFPP,F,P,P,F,P,P,2,400,LEFT_SATURATION,,True,-5.109833237913969,-5.369053385121833,-4.788186523560936,-33.21510696411133,-11.046714782714844,-8.348998069763184,False,False,,,,,,,False,,,,8.090043449759474,0.15443763312688905,0.11488833746898264,False,8.090043449759474,high,,-3.2274305522766857,3.9446050962452928
TP53_e6,e6,FPPPFF,F,P,P,P,F,F,3,400,NO_SATURATION_IN_RANGE,,False,,,,,,,False,False,,,,,,,False,,,,5.110761769052158,0.04481294944983172,0.07956989247311828,False,5.110761769052158,medium,curve still responding at both edges of the sampled PNAS range,-6.021284240056002,3.3743634989792275
TP53_e6,e6,FPPPFP,F,P,P,P,F,P,2,400,LEFT_SATURATION,,True,-5.61154499214057,-5.933112824068073,-5.412293534719532,-33.21510696411133,-11.046714782714844,-8.348998069763184,False,False,,,,,,,False,,,,5.879767405889213,0.09746283240679837,0.09991728701406122,False,5.879767405889213,high,,-3.8982550801571727,3.4655586241673912
TP53_e6,e6,FPPPPF,F,P,P,P,P,F,2,400,NO_SATURATION_IN_RANGE,,False,,,,,,,False,False,,,,,,,False,,,,6.921451465450008,0.09290833373792538,0.11240694789081887,False,6.921451465450008,medium,curve still responding at both edges of the sampled PNAS range,-4.926858260740139,4.006426531021883
TP53_e6,e6,FPPPPP,F,P,P,P,P,P,1,400,LEFT_SATURATION,,True,-5.02969440453044,-5.372891454241081,-4.743164793224021,-33.21510696411133,-11.046714782714844,-8.348998069763184,False,False,,,,,,,False,,,,8.141918727995154,0.1558372681173994,0.11976840363937138,False,8.141918727995154,high,,-3.2474253982113015,3.952889184793645
TP53_e6,e6,PFFFFF,P,F,F,F,F,F,5,400,NO_SATURATION_IN_RANGE,,False,,,,,,,False,False,,,,,,,False,,,,4.442678206931278,0.03994159257232732,0.06468155500413565,False,4.442678206931278,medium,curve still responding at both edges of the sampled PNAS range,-5.378131654256491,2.780893566805797
TP53_e6,e6,PFFFFP,P,F,F,F,F,P,4,400,NO_SATURATION_IN_RANGE,,False,,,,,,,False,False,,,,,,,False,,,,5.477843154812965,0.06103130928067842,0.07220843672456576,False,5.477843154812965,medium,curve still responding at both edges of the sampled PNAS range,-4.6690737103718165,3.167603648664209
TP53_e6,e6,PFFFPF,P,F,F,F,P,F,4,400,NO_SATURATION_IN_RANGE,,False,,,,,,,False,False,,,,,,,False,,,,5.247600124879239,0.07132850392659765,0.05971877584780811,False,5.247600124879239,medium,curve still responding at both edges of the sampled PNAS range,-4.786164419531724,3.0268186670745907
TP53_e6,e6,PFFFPP,P,F,F,F,P,P,3,400,LEFT_SATURATION,,True,-5.716559335883357,-6.085350989768362,-5.468216511028716,-33.21510696411133,-11.046714782714844,-8.348998069763184,False,False,,,,,,,False,,,,6.232305758675476,0.09397778310546485,0.07468982630272952,False,6.232305758675476,high,,-4.4263372834075945,3.1270397044145772
TP53_e6,e6,PFFPFF,P,F,F,P,F,F,4,400,NO_SATURATION_IN_RANGE,,False,,,,,,,False,False,,,,,,,False,,,,4.542083830723035,0.042682799872977704,0.06468155500413565,False,4.542083830723035,medium,curve still responding at both edges of the sampled PNAS range,-5.264866380245057,2.72773136878764
TP53_e6,e6,PFFPFP,P,F,F,P,F,P,3,400,NO_SATURATION_IN_RANGE,,False,,,,,,,False,False,,,,,,,False,,,,5.563883272870146,0.06581929930290499,0.07965260545905709,False,5.563883272870146,medium,curve still responding at both edges of the sampled PNAS range,-4.553978674896234,3.2615096989714907
TP53_e6,e6,PFFPPF,P,F,F,P,P,F,3,400,NO_SATURATION_IN_RANGE,,False,,,,,,,False,False,,,,,,,False,,,,5.320733509926741,0.07343163875457161,0.05971877584780811,False,5.320733509926741,medium,curve still responding at both edges of the sampled PNAS range,-4.730588769357101,3.0674179210891293
TP53_e6,e6,PFFPPP,P,F,F,P,P,P,2,400,LEFT_SATURATION,,True,-5.649805583293169,-6.01668490083693,-5.403162949307829,-33.21510696411133,-11.046714782714844,-8.348998069763184,False,False,,,,,,,False,,,,6.323092946334065,0.09727651908841191,0.08213399503722085,False,6.323092946334065,high,,-4.403163984751581,3.137944090821665
TP53_e6,e6,PFPFFF,P,F,P,F,F,F,4,400,NO_SATURATION_IN_RANGE,,False,,,,,,,False,False,,,,,,,False,,,,4.1323180406272115,0.028996171578303268,0.06468155500413565,False,4.1323180406272115,medium,curve still responding at both edges of the sampled PNAS range,-5.542895419278352,2.4210284757213456
TP53_e6,e6,PFPFFP,P,F,P,F,F,P,3,400,NO_SATURATION_IN_RANGE,,False,,,,,,,False,False,,,,,,,False,,,,4.864128631589871,0.042103638311609515,0.06716294458229942,False,4.864128631589871,medium,curve still responding at both edges of the sampled PNAS range,-4.904083346851324,2.9436740101027423
TP53_e6,e6,PFPFPF,P,F,P,F,P,F,3,400,NO_SATURATION_IN_RANGE,,False,,,,,,,False,False,,,,,,,False,,,,4.798767825541916,0.06008325142574448,0.05475599669148056,False,4.798767825541916,medium,curve still responding at both edges of the sampled PNAS range,-4.924667827987243,2.6842425719002128
TP53_e6,e6,PFPFPP,P,F,P,F,P,P,2,400,LEFT_SATURATION,,True,-5.7639221033232175,-6.022809567881687,-5.489862855051786,-33.21510696411133,-8.348998069763184,-6.766810655593872,False,False,,,,,,,False,,,,5.476660228257414,0.07729787943345146,0.0671629445822994,False,5.476660228257414,high,,-4.598174917860917,3.0439160595707895
TP53_e6,e6,PFPPFF,P,F,P,P,F,F,3,400,NO_SATURATION_IN_RANGE,,False,,,,,,,False,False,,,,,,,False,,,,4.2015496794214435,0.03151113360810511,0.06220016542597188,False,4.2015496794214435,medium,curve still responding at both edges of the sampled PNAS range,-5.444120391286269,2.4679912713903653
TP53_e6,e6,PFPPFP,P,F,P,P,F,P,2,400,NO_SATURATION_IN_RANGE,,False,,,,,,,False,False,,,,,,,False,,,,4.9458856857575295,0.046318669872182056,0.06716294458229942,False,4.9458856857575295,medium,curve still responding at both edges of the sampled PNAS range,-4.806746443965662,2.969018443615914
TP53_e6,e6,PFPPPF,P,F,P,P,P,F,2,400,NO_SATURATION_IN_RANGE,,False,,,,,,,False,False,,,,,,,False,,,,4.88474730819817,0.061577184215533,0.05971877584780811,False,4.88474730819817,medium,curve still responding at both edges of the sampled PNAS range,-4.895636514993918,2.749405740064465
TP53_e6,e6,PFPPPP,P,F,P,P,P,P,1,400,LEFT_SATURATION,,True,-5.6941436165264605,-6.006561099600605,-5.436548108073703,-33.21510696411133,-8.348998069763184,-6.766810655593872,False,False,,,,,,,False,,,,5.719278863717124,0.0800117266367011,0.07708850289495452,False,5.719278863717124,high,,-4.527056641402836,2.999280107775535
TP53_e6,e6,PPFFFF,P,P,F,F,F,F,4,400,LEFT_SATURATION,,True,-5.439704210600283,-5.67710973619536,-5.282320897215465,-33.21510696411133,-8.348998069763184,-6.766810655593872,False,False,,,,,,,False,,,,5.8070441236160075,0.09344225542065225,0.10479735318444995,False,5.8070441236160075,high,,-3.7753177861870286,3.5323901776114512
TP53_e6,e6,PPFFFP,P,P,F,F,F,P,3,400,LEFT_SATURATION,,True,-4.407122612166005,-4.8390596341686525,-4.212857582464435,-33.21510696411133,-11.046714782714844,-8.348998069763184,False,False,,,,,,,False,,,,6.220827356582324,0.12945516416878283,0.1099255583126551,False,6.220827356582324,high,,-2.5575443854697575,3.738571792005805
TP53_e6,e6,PPFFPF,P,P,F,F,P,F,3,400,LEFT_SATURATION,,True,-4.787778556435653,-5.044058162049325,-4.491272746142307,-33.21510696411133,-11.046714782714844,-8.348998069763184,False,False,,,,,,,False,,,,5.7328819816146925,0.13123863118592433,0.11728701406120762,False,5.7328819816146925,high,,-2.7451502867903805,3.8914436231744665
TP53_e6,e6,PPFFPP,P,P,F,F,P,P,2,400,LEFT_SATURATION,,True,-4.579522609700838,-4.74843825802717,-4.263954857579237,-33.21510696411133,-11.046714782714844,-8.348998069763184,False,False,,,,,,,False,,,,6.8368251412892995,0.15861079981868997,0.1173697270471464,False,6.8368251412892995,high,,-2.5919389108765367,4.2954862019148985
TP53_e6,e6,PPFPFF,P,P,F,P,F,F,3,400,LEFT_SATURATION,,True,-5.35253848150115,-5.597265323640714,-5.21070893148058,-33.21510696411133,-8.348998069763184,-6.766810655593872,False,False,,,,,,,False,,,,5.770041171812223,0.09373944992435389,0.10727874276261372,False,5.770041171812223,high,,-3.7235288541758957,3.4886613354072136
TP53_e6,e6,PPFPFP,P,P,F,P,F,P,2,400,LEFT_SATURATION,,True,-4.2988377118600685,-4.689269580476187,-4.126097602118352,-33.21510696411133,-11.046714782714844,-8.348998069763184,False,False,,,,,,,False,,,,6.165679555930537,0.12978041882075586,0.1099255583126551,False,6.165679555930537,high,,-2.4569261330239236,3.8316514871596
TP53_e6,e6,PPFPPF,P,P,F,P,P,F,2,400,LEFT_SATURATION,,True,-4.733739838933985,-4.971939085927552,-4.428833069784417,-33.21510696411133,-11.046714782714844,-8.348998069763184,False,False,,,,,,,False,,,,5.712856811499955,0.13135395703348723,0.12216708023159638,False,5.712856811499955,high,moderate branching (branch_score=0.122),-2.6703632350330917,3.902859081388569
TP53_e6,e6,PPFPPP,P,P,F,P,P,P,1,400,LEFT_SATURATION,,True,-4.552021457286985,-4.687675152416416,-4.230429184598133,-33.21510696411133,-11.046714782714844,-8.348998069763184,False,False,,,,,,,False,,,,6.868017671050385,0.16025932889829556,0.11985111662531017,False,6.868017671050385,high,,-2.5140032053524832,4.5436575172741485
TP53_e6,e6,PPPFFF,P,P,P,F,F,F,3,400,LEFT_SATURATION,,True,-5.40467264991958,-5.648893482027415,-5.223015786762934,-33.21510696411133,-8.348998069763184,-6.766810655593872,False,False,,,,,,,False,,,,5.93400338158203,0.09636660760682474,0.09735318444995865,False,5.93400338158203,high,,-3.716556851008041,3.494744877481442
TP53_e6,e6,PPPFFP,P,P,P,F,F,P,2,400,LEFT_SATURATION,,True,-4.390466315657191,-4.79306240851792,-4.108498517647117,-33.21510696411133,-11.046714782714844,-8.348998069763184,False,False,,,,,,,False,,,,6.182523549027585,0.1288947309693392,0.09983457402812242,False,6.182523549027585,high,,-2.5920891335006155,3.6924416380708522
TP53_e6,e6,PPPFPF,P,P,P,F,P,F,2,400,LEFT_SATURATION,,True,-4.734032031072988,-4.968916295426402,-4.3893129617754205,-33.21510696411133,-11.046714782714844,-8.348998069763184,False,False,,,,,,,False,,,,5.901029762424855,0.13238010268536007,0.09470636889991726,False,5.901029762424855,high,,-2.804246054781177,3.8040927496061103
TP53_e6,e6,PPPFPP,P,P,P,F,P,P,1,400,LEFT_SATURATION,,True,-4.447165104220714,-4.699629744477992,-4.191632918711096,-33.21510696411133,-11.046714782714844,-8.348998069763184,False,False,,,,,,,False,,,,6.79843770035976,0.15963244213091823,0.10239867659222497,False,6.79843770035976,high,,-2.5866439793954417,4.402776692599009
TP53_e6,e6,PPPPFF,P,P,P,P,F,F,2,400,LEFT_SATURATION,,True,-5.322209573772903,-5.56672983337074,-5.148109845758997,-33.21510696411133,-8.348998069763184,-6.766810655593872,False,False,,,,,,,False,,,,5.837636925058039,0.09657201344587192,0.10231596360628618,False,5.837636925058039,high,,-3.647852481279555,3.5323348771234255
TP53_e6,e6,PPPPFP,P,P,P,P,F,P,1,400,LEFT_SATURATION,,True,-4.331768843678395,-4.690538885102672,-4.041087356682732,-33.21510696411133,-11.046714782714844,-8.348998069763184,False,False,,,,,,,False,,,,6.116555530266586,0.12944283797568154,0.09983457402812242,False,6.116555530266586,high,,-2.5223096582040965,3.776061803664241
TP53_e6,e6,PPPPPF,P,P,P,P,P,F,1,400,LEFT_SATURATION,,True,-4.699892653402472,-4.930057139860472,-4.34417387891231,-33.21510696411133,-11.046714782714844,-8.348998069763184,False,False,,,,,,,False,,,,5.867495770493326,0.13276764225727103,0.09975186104218363,False,5.867495770493326,high,,-2.7564178099612198,3.934754507127367
TP53_e6,e6,PPPPPP,P,P,P,P,P,P,0,400,LEFT_SATURATION,,True,-4.364778643013855,-4.680943929258447,-4.172038237009638,-33.21510696411133,-11.046714782714844,-8.348998069763184,False,False,,,,,,,False,,,,6.830972166356865,0.16128006189653035,0.11488833746898264,False,6.830972166356865,high,,-2.53650687434766,4.627205153661842
TP53_e7,e7,FFFFFF,F,F,F,F,F,F,6,400,NO_SATURATION_IN_RANGE,,False,,,,,,,False,False,,,,,,,False,,,,4.622809568054722,0.04867445761967323,0.07220843672456577,False,4.622809568054722,medium,curve still responding at both edges of the sampled PNAS range,-5.245933361361352,2.7715031093967855
TP53_e7,e7,FFFFFP,F,F,F,F,F,P,5,400,LEFT_SATURATION,,True,-5.245058754478768,-5.535238481103325,-4.977937701058925,-33.21510696411133,-11.046714782714844,-8.348998069763184,False,False,,,,,,,False,,,,5.638466789995478,0.0903346524036928,0.0947890818858561,False,5.638466789995478,high,,-4.034022435770059,3.061291310846602
TP53_e7,e7,FFFFPF,F,F,F,F,P,F,5,400,NO_SATURATION_IN_RANGE,,False,,,,,,,False,False,,,,,,,False,,,,6.0870028503504985,0.0978848386487432,0.08486352357320098,False,6.0870028503504985,medium,curve still responding at both edges of the sampled PNAS range,-4.149555432456168,3.1883297322658892
TP53_e7,e7,FFFFPP,F,F,F,F,P,P,4,400,LEFT_SATURATION,,True,-5.103109368308466,-5.320615120403285,-4.839033230517741,-33.21510696411133,-11.046714782714844,-8.348998069763184,False,False,,,,,,,False,,,,7.036040851689502,0.13736327427338874,0.11480562448304384,False,7.036040851689502,high,,-3.2240155098264918,3.6520462342713405
TP53_e7,e7,FFFPFF,F,F,F,P,F,F,5,400,NO_SATURATION_IN_RANGE,,False,,,,,,,False,False,,,,,,,False,,,,3.743986377303804,0.018781301752767456,0.0696443341604632,False,3.743986377303804,medium,curve still responding at both edges of the sampled PNAS range,-5.706754025086633,2.277960592903833
TP53_e7,e7,FFFPFP,F,F,F,P,F,P,4,400,NO_SATURATION_IN_RANGE,,False,,,,,,,False,False,,,,,,,False,,,,4.796644776822126,0.06647480543777011,0.07220843672456576,False,4.796644776822126,medium,curve still responding at both edges of the sampled PNAS range,-4.4036107059316425,2.897544899456533
TP53_e7,e7,FFFPPF,F,F,F,P,P,F,4,400,NO_SATURATION_IN_RANGE,,False,,,,,,,False,False,,,,,,,False,,,,5.550528907391515,0.0785797129890002,0.07460711331679074,False,5.550528907391515,medium,curve still responding at both edges of the sampled PNAS range,-4.817055183091133,3.1577992304260816
TP53_e7,e7,FFFPPP,F,F,F,P,P,P,3,400,LEFT_SATURATION,,True,-5.538056981279875,-5.773951608026536,-5.219330804597105,-33.21510696411133,-11.046714782714844,-8.348998069763184,False,False,,,,,,,False,,,,6.525386399482501,0.11517911936567946,0.08966087675765094,False,6.525386399482501,high,,-3.8860723124645826,3.195294888532099
TP53_e7,e7,FFPFFF,F,F,P,F,F,F,5,400,NO_SATURATION_IN_RANGE,,False,,,,,,,False,False,,,,,,,False,,,,3.4811032583152492,0.007122977393722513,0.05732009925558312,False,3.4811032583152492,medium,curve still responding at both edges of the sampled PNAS range,-6.031789726799249,2.2599613444033126
TP53_e7,e7,FFPFFP,F,F,P,F,F,P,4,400,NO_SATURATION_IN_RANGE,,False,,,,,,,False,False,,,,,,,False,,,,4.638387274065472,0.04533050330926887,0.06220016542597188,False,4.638387274065472,medium,curve still responding at both edges of the sampled PNAS range,-4.873795478756106,2.7492546733853205
TP53_e7,e7,FFPFPF,F,F,P,F,P,F,4,400,NO_SATURATION_IN_RANGE,,False,,,,,,,False,False,,,,,,,False,,,,4.924193719834834,0.0575899523654929,0.06476426799007444,False,4.924193719834834,medium,curve still responding at both edges of the sampled PNAS range,-4.98455021756749,3.0380707931043056
TP53_e7,e7,FFPFPP,F,F,P,F,P,P,3,400,LEFT_SATURATION,,True,-5.442021550061112,-5.6550106006111545,-5.139296254275313,-33.21510696411133,-11.046714782714844,-8.348998069763184,False,False,,,,,,,False,,,,5.763135440118489,0.08845186454236661,0.07237386269644334,False,5.763135440118489,high,,-4.263327535833634,3.0871624578338723
TP53_e7,e7,FFPPFF,F,F,P,P,F,F,4,400,NO_SATURATION_IN_RANGE,,False,,,,,,,False,False,,,,,,,False,,,,2.704480625137508,-0.019746128866007337,0.04739454094292804,False,2.704480625137508,medium,curve still responding at both edges of the sampled PNAS range,-6.418446396104887,1.8847443519360745
TP53_e7,e7,FFPPFP,F,F,P,P,F,P,3,400,NO_SATURATION_IN_RANGE,,False,,,,,,,False,False,,,,,,,False,,,,3.678000449339125,0.023515746770106868,0.04722911497105046,False,3.678000449339125,medium,curve still responding at both edges of the sampled PNAS range,-5.139404266564602,2.3081457453706986
TP53_e7,e7,FFPPPF,F,F,P,P,P,F,3,400,NO_SATURATION_IN_RANGE,,False,,,,,,,False,False,,,,,,,False,,,,4.3031164309099275,0.037422935064045454,0.05723738626964433,False,4.3031164309099275,medium,curve still responding at both edges of the sampled PNAS range,-5.578787855757664,2.7395397242195085
TP53_e7,e7,FFPPPP,F,F,P,P,P,P,2,400,NO_SATURATION_IN_RANGE,,False,,,,,,,False,False,,,,,,,False,,,,5.251167872738118,0.067324485049282,0.06468155500413565,False,5.251167872738118,medium,curve still responding at both edges of the sampled PNAS range,-4.892576710391826,3.0566710110467157
TP53_e7,e7,FPFFFF,F,P,F,F,F,F,5,400,NO_SATURATION_IN_RANGE,,False,,,,,,,False,False,,,,,,,False,,,,5.640328873664133,0.06465539736942302,0.10231596360628618,False,5.640328873664133,medium,curve still responding at both edges of the sampled PNAS range,-5.382738877450901,4.004234823831327
TP53_e7,e7,FPFFFP,F,P,F,F,F,P,4,400,LEFT_SATURATION,,True,-5.262873339545951,-5.579179140619856,-4.927636195728467,-33.21510696411133,-11.046714782714844,-8.348998069763184,False,False,,,,,,,False,,,,5.9843910591456755,0.10928172928432521,0.1099255583126551,False,5.9843910591456755,high,,-3.2797903092903966,3.7291383945485985
TP53_e7,e7,FPFFPF,F,P,F,F,P,F,4,400,LEFT_SATURATION,,True,-5.851767254543287,-6.07478701941756,-5.3956309057900915,-33.21510696411133,-11.046714782714844,-8.348998069763184,False,False,,,,,,,False,,,,7.118672884918219,0.12263994740761372,0.11505376344086021,False,7.118672884918219,high,,-3.87069051439736,4.62463285352963
TP53_e7,e7,FPFFPP,F,P,F,F,P,P,3,400,LEFT_SATURATION,,True,-4.294358919702934,-4.554544505680168,-3.9924339019308057,-33.21510696411133,-11.046714782714844,-8.348998069763184,False,False,,,,,,,False,,,,8.276184003773105,0.18860085104413576,0.1075268817204301,False,8.276184003773105,high,,-2.3304201612983686,5.404401536189552
TP53_e7,e7,FPFPFF,F,P,F,P,F,F,4,400,NO_SATURATION_IN_RANGE,,False,,,,,,,False,False,,,,,,,False,,,,4.416362859755249,0.03279722866832963,0.06964433416046319,False,4.416362859755249,medium,curve still responding at both edges of the sampled PNAS range,-5.82929737833182,3.392083448434253
TP53_e7,e7,FPFPFP,F,P,F,P,F,P,3,400,LEFT_SATURATION,,True,-5.257379656698058,-5.755517800788782,-4.956184649630921,-33.21510696411133,-11.046714782714844,-8.348998069763184,False,False,,,,,,,False,,,,5.344300885652328,0.08983237466549916,0.10471464019851119,False,5.344300885652328,high,,-3.6113880322052423,3.2609025554603677
TP53_e7,e7,FPFPPF,F,P,F,P,P,F,3,400,LEFT_SATURATION,,True,-6.2439407160045794,-6.511965479813671,-5.869082828525833,-33.21510696411133,-11.046714782714844,-8.348998069763184,False,False,,,,,,,False,,,,6.909251792624271,0.10310917094684352,0.1099255583126551,False,6.909251792624271,high,,-4.609366149520462,4.010924259077293
TP53_e7,e7,FPFPPP,F,P,F,P,P,P,2,400,LEFT_SATURATION,,True,-4.674834704514587,-4.937698237133019,-4.385866093940984,-33.21510696411133,-8.348998069763184,-6.766810655593872,False,False,,,,,,,False,,,,8.122764835408468,0.16881282859259483,0.11985111662531017,False,8.122764835408468,high,,-2.899354468287902,4.595641160633426
TP53_e7,e7,FPPFFF,F,P,P,F,F,F,4,400,NO_SATURATION_IN_RANGE,,False,,,,,,,False,False,,,,,,,False,,,,5.7414238445210675,0.05646129600107103,0.08461538461538462,False,5.7414238445210675,medium,curve still responding at both edges of the sampled PNAS range,-5.605532796233491,3.987334548678895
TP53_e7,e7,FPPFFP,F,P,P,F,F,P,3,400,LEFT_SATURATION,,True,-5.492423128634428,-5.796013485206294,-5.11218082276577,-33.21510696411133,-11.046714782714844,-8.348998069763184,False,False,,,,,,,False,,,,6.046078259575539,0.1010664851732873,0.10496277915632754,False,6.046078259575539,high,,-3.681541539533516,3.5529372774570316
TP53_e7,e7,FPPFPF,F,P,P,F,P,F,3,400,LEFT_SATURATION,,True,-6.072864120276861,-6.287427837117292,-5.663204977392462,-33.21510696411133,-11.046714782714844,-8.348998069763184,False,False,,,,,,,False,,,,7.324584686855978,0.11503864196423544,0.12001654259718775,False,7.324584686855978,high,moderate branching (branch_score=0.120),-4.255138113768762,4.249656159310914
TP53_e7,e7,FPPFPP,F,P,P,F,P,P,2,400,LEFT_SATURATION,,True,-4.568387101575633,-4.851783096343016,-4.2925694555146094,-33.21510696411133,-11.046714782714844,-8.348998069763184,False,False,,,,,,,False,,,,8.50643629366334,0.17819618673399215,0.11497105045492143,False,8.50643629366334,high,,-2.5855629244284284,5.132082196145975
TP53_e7,e7,FPPPFF,F,P,P,P,F,F,3,400,NO_SATURATION_IN_RANGE,,False,,,,,,,False,False,,,,,,,False,,,,4.294900217713114,0.024674033860137418,0.05971877584780811,False,4.294900217713114,medium,curve still responding at both edges of the sampled PNAS range,-6.046901248683525,3.09163344897963
TP53_e7,e7,FPPPFP,F,P,P,P,F,P,2,400,NO_SATURATION_IN_RANGE,,False,,,,,,,False,False,,,,,,,False,,,,5.293534842643174,0.08091686251587793,0.09983457402812243,False,5.293534842643174,medium,curve still responding at both edges of the sampled PNAS range,-4.049752388809555,3.38051451552005
TP53_e7,e7,FPPPPF,F,P,P,P,P,F,2,400,NO_SATURATION_IN_RANGE,,False,,,,,,,False,False,,,,,,,False,,,,6.921451465450008,0.09290833373792538,0.11240694789081887,False,6.921451465450008,medium,curve still responding at both edges of the sampled PNAS range,-4.926858260740139,4.006426531021883
TP53_e7,e7,FPPPPP,F,P,P,P,P,P,1,400,LEFT_SATURATION,,True,-5.02969440453044,-5.372891454241081,-4.743164793224021,-33.21510696411133,-11.046714782714844,-8.348998069763184,False,False,,,,,,,False,,,,8.141918727995154,0.1558372681173994,0.11976840363937138,False,8.141918727995154,high,,-3.2474253982113015,3.952889184793645
TP53_e7,e7,PFFFFF,P,F,F,F,F,F,5,400,LEFT_SATURATION,,True,-5.226258718377316,-5.611698850293572,-5.024946884855784,-33.21510696411133,-11.046714782714844,-8.348998069763184,False,False,,,,,,,False,,,,5.3268775909770305,0.08251554496894423,0.08717948717948718,False,5.3268775909770305,high,,-4.035404695304221,2.965007086691159
TP53_e7,e7,PFFFFP,P,F,F,F,F,P,4,400,LEFT_SATURATION,,True,-4.685724697868125,-5.094985706790068,-4.381199683343686,-33.21510696411133,-11.046714782714844,-8.348998069763184,False,False,,,,,,,False,,,,6.632136896641835,0.12024226004028203,0.1099255583126551,False,6.632136896641835,high,,-3.14732927107637,3.322192194026916
TP53_e7,e7,PFFFPF,P,F,F,F,P,F,4,400,LEFT_SATURATION,,True,-4.923680339793974,-5.144046356214479,-4.715169180857058,-33.21510696411133,-11.046714782714844,-8.348998069763184,False,False,,,,,,,False,,,,6.236486803830632,0.12685505809847278,0.11215880893300248,False,6.236486803830632,high,,-3.0625825892533616,3.4336185582053753
TP53_e7,e7,PFFFPP,P,F,F,F,P,P,3,400,LEFT_SATURATION,,True,-4.721217891675253,-5.072128852519324,-4.556718512346633,-33.21510696411133,-11.046714782714844,-8.348998069763184,False,False,,,,,,,False,,,,7.65880741384336,0.1605916000698468,0.12729528535980147,False,7.65880741384336,high,moderate branching (branch_score=0.127),-2.814429885233347,4.199337862016437
TP53_e7,e7,PFFPFF,P,F,F,P,F,F,4,400,NO_SATURATION_IN_RANGE,,False,,,,,,,False,False,,,,,,,False,,,,4.542358765490947,0.059155566841793045,0.06972704714640197,False,4.542358765490947,medium,curve still responding at both edges of the sampled PNAS range,-4.383078356700766,2.704096611407672
TP53_e7,e7,PFFPFP,P,F,F,P,F,P,3,400,LEFT_SATURATION,,True,-4.771864875862488,-5.233903910704977,-4.473738457433289,-33.21510696411133,-11.046714782714844,-8.348998069763184,False,False,,,,,,,False,,,,5.616082240252526,0.09682489616250854,0.09230769230769229,False,5.616082240252526,high,,-3.448715595664175,3.089009358384839
TP53_e7,e7,PFFPPF,P,F,F,P,P,F,3,400,LEFT_SATURATION,,True,-5.363313222436533,-5.666046608795053,-5.098988245393028,-33.21510696411133,-11.046714782714844,-8.348998069763184,False,False,,,,,,,False,,,,5.9211126048194505,0.11112241063624553,0.07956989247311828,False,5.9211126048194505,high,,-3.7641972181363714,3.0052925664024883
TP53_e7,e7,PFFPPP,P,F,F,P,P,P,2,400,LEFT_SATURATION,,True,-5.132979375242512,-5.525255371606761,-4.8875054911343465,-33.21510696411133,-11.046714782714844,-8.348998069763184,False,False,,,,,,,False,,,,7.328833805955617,0.1401833759714297,0.09983457402812242,False,7.328833805955617,high,,-3.342871793496335,3.550844060021877
TP53_e7,e7,PFPFFF,P,F,P,F,F,F,4,400,NO_SATURATION_IN_RANGE,,False,,,,,,,False,False,,,,,,,False,,,,4.6288763480556465,0.0464692244030734,0.06972704714640199,False,4.6288763480556465,medium,curve still responding at both edges of the sampled PNAS range,-4.903504844485577,2.7807403582091283
TP53_e7,e7,PFPFFP,P,F,P,F,F,P,3,400,LEFT_SATURATION,,True,-5.185376910450468,-5.357845695871845,-4.981843166743624,-33.21510696411133,-6.766810655593872,-4.722104549407959,False,False,,,,,,,False,,,,5.83511959877872,0.07405712504353475,0.07717121588089332,False,5.83511959877872,high,,-4.092758133449694,3.3166715527843413
TP53_e7,e7,PFPFPF,P,F,P,F,P,F,3,400,LEFT_SATURATION,,True,-5.244700029304164,-5.533505327713516,-5.049064380709444,-33.21510696411133,-11.046714782714844,-8.348998069763184,False,False,,,,,,,False,,,,5.390693184612768,0.08955383667693625,0.06228287841191068,False,5.390693184612768,high,,-3.973437590229363,2.920821854897009
TP53_e7,e7,PFPFPP,P,F,P,F,P,P,2,400,LEFT_SATURATION,,True,-5.106088622676168,-5.441355451002213,-4.904390663058852,-33.21510696411133,-11.046714782714844,-8.348998069763184,False,False,,,,,,,False,,,,6.482322038923352,0.11211229798192592,0.08982630272952852,False,6.482322038923352,high,,-3.7181109025807144,3.1077390100961724
TP53_e7,e7,PFPPFF,P,F,P,P,F,F,3,400,NO_SATURATION_IN_RANGE,,False,,,,,,,False,False,,,,,,,False,,,,3.680020871799023,0.02281795278710219,0.05227460711331679,False,3.680020871799023,medium,curve still responding at both edges of the sampled PNAS range,-5.218431416450846,2.2965193429156203
TP53_e7,e7,PFPPFP,P,F,P,P,F,P,2,400,NO_SATURATION_IN_RANGE,,False,,,,,,,False,False,,,,,,,False,,,,4.952532664557358,0.05157587916371375,0.057237386269644336,False,4.952532664557358,medium,curve still responding at both edges of the sampled PNAS range,-4.403211620234078,2.9908040204082633
TP53_e7,e7,PFPPPF,P,F,P,P,P,F,2,400,LEFT_SATURATION,,True,-5.7106545511550415,-5.976836245770678,-5.463572108864696,-33.21510696411133,-11.046714782714844,-8.348998069763184,False,False,,,,,,,False,,,,4.953458243680308,0.07235553976587741,0.057237386269644336,False,4.953458243680308,high,,-4.634746580687384,2.8165199584513125
TP53_e7,e7,PFPPPP,P,F,P,P,P,P,1,400,LEFT_SATURATION,,True,-5.481700523481458,-5.853250320981778,-5.275124105663686,-33.21510696411133,-11.046714782714844,-8.348998069763184,False,False,,,,,,,False,,,,5.873614085435396,0.0917638756940957,0.06716294458229942,False,5.873614085435396,high,,-4.331600573030129,3.0822177623209024
TP53_e7,e7,PPFFFF,P,P,F,F,F,F,4,400,LEFT_SATURATION,,True,-4.848780595031855,-5.109982776792522,-4.547358316926157,-33.21510696411133,-8.348998069763184,-6.766810655593872,False,False,,,,,,,False,,,,5.537499623449289,0.10943471622589321,0.11232423490488005,False,5.537499623449289,high,,-2.7663041439573584,4.086746585199484
TP53_e7,e7,PPFFFP,P,P,F,F,F,P,3,400,LEFT_SATURATION,,True,-3.69308408595124,-4.119483828404486,-3.51755807341808,-33.21510696411133,-11.046714782714844,-8.348998069763184,False,False,,,,,,,False,,,,5.8943033834066965,0.14149544372666312,0.1074441687344913,False,5.8943033834066965,high,,-2.0275107492505966,4.269254918700769
TP53_e7,e7,PPFFPF,P,P,F,F,P,F,3,400,LEFT_SATURATION,,True,-3.997203929715858,-4.351949938493227,-3.752537010575227,-33.21510696411133,-11.046714782714844,-8.348998069763184,False,False,,,,,,,False,,,,5.300899015837786,0.14290381370704994,0.10496277915632753,False,5.300899015837786,high,,-1.9999389470159379,4.3711878638123665
TP53_e7,e7,PPFFPP,P,P,F,F,P,P,2,400,LEFT_SATURATION,,True,-3.7291641138458793,-3.9670147336130057,-3.472246543585995,-33.21510696411133,-11.046714782714844,-8.348998069763184,False,False,,,,,,,False,,,,6.673016145001734,0.1780229469684995,0.12737799834574026,False,6.673016145001734,high,moderate branching (branch_score=0.127),-1.7330425434351933,5.253627385040123
TP53_e7,e7,PPFPFF,P,P,F,P,F,F,3,400,LEFT_SATURATION,,True,-4.965733769483195,-5.337780654088995,-4.7157033166430065,-33.21510696411133,-11.046714782714844,-8.348998069763184,False,False,,,,,,,False,,,,5.028782878368312,0.08591451825333529,0.1022332506203474,False,5.028782878368312,high,,-3.370227614137944,3.248271408554256
TP53_e7,e7,PPFPFP,P,P,F,P,F,P,2,400,LEFT_SATURATION,,True,-3.897433739313725,-4.3196484521204646,-3.597643558963189,-33.21510696411133,-11.046714782714844,-8.348998069763184,False,False,,,,,,,False,,,,5.361464104158204,0.11905646515156894,0.0999172870140612,False,5.361464104158204,high,,-2.1746622630125367,3.416237398270233
TP53_e7,e7,PPFPPF,P,P,F,P,P,F,2,400,LEFT_SATURATION,,True,-4.473954940965303,-4.7095768866985726,-4.185927510259026,-33.21510696411133,-11.046714782714844,-8.348998069763184,False,False,,,,,,,False,,,,5.609349493404286,0.13527318739895608,0.11480562448304385,False,5.609349493404286,high,,-2.6282703212447283,4.097504529316926
TP53_e7,e7,PPFPPP,P,P,F,P,P,P,1,400,LEFT_SATURATION,,True,-4.243198994599451,-4.371505871370933,-3.9634390842000355,-33.21510696411133,-11.046714782714844,-8.348998069763184,False,False,,,,,,,False,,,,6.6549236800848375,0.16561086934096347,0.12249793217535151,False,6.6549236800848375,high,moderate branching (branch_score=0.122),-2.234388233185715,4.776641089119127
TP53_e7,e7,PPPFFF,P,P,P,F,F,F,3,400,LEFT_SATURATION,,True,-5.106241457079346,-5.458413224087985,-4.806656520831661,-33.21510696411133,-11.046714782714844,-8.348998069763184,False,False,,,,,,,False,,,,5.9422041025376515,0.10667845588114912,0.11232423490488008,False,5.9422041025376515,high,,-3.124576182886201,4.038080673730938
TP53_e7,e7,PPPFFP,P,P,P,F,F,P,2,400,LEFT_SATURATION,,True,-4.025140444909837,-4.415521642735012,-3.7404191082505873,-33.21510696411133,-11.046714782714844,-8.348998069763184,False,False,,,,,,,False,,,,6.138288879947069,0.13778997486187447,0.1099255583126551,False,6.138288879947069,high,,-2.17692781926037,4.22231431367433
TP53_e7,e7,PPPFPF,P,P,P,F,P,F,2,400,LEFT_SATURATION,,True,-4.242860179656199,-4.502680830721694,-3.9917726914367884,-33.21510696411133,-11.046714782714844,-8.348998069763184,False,False,,,,,,,False,,,,5.627939518028108,0.14238344970830324,0.11232423490488007,False,5.627939518028108,high,,-2.2729146491020367,4.528434681836135
TP53_e7,e7,PPPFPP,P,P,P,F,P,P,1,400,LEFT_SATURATION,,True,-3.952406267883098,-4.157270709621716,-3.679061996886201,-33.21510696411133,-11.046714782714844,-8.348998069763184,False,False,,,,,,,False,,,,6.735195990810939,0.1755539509864345,0.12241521918941273,False,6.735195990810939,high,moderate branching (branch_score=0.122),-1.9838733486531832,5.315393319408784
TP53_e7,e7,PPPPFF,P,P,P,P,F,F,2,400,LEFT_SATURATION,,True,-5.175314033908425,-5.5450073784118326,-4.926990296135514,-33.21510696411133,-11.046714782714844,-8.348998069763184,False,False,,,,,,,False,,,,5.2984483859412475,0.08193207016131066,0.10719602977667494,False,5.2984483859412475,high,,-3.7344209255841436,3.3789264307826796
TP53_e7,e7,PPPPFP,P,P,P,P,F,P,1,400,LEFT_SATURATION,,True,-4.127410696209322,-4.483129472315838,-3.824212080230402,-33.21510696411133,-11.046714782714844,-8.348998069763184,False,False,,,,,,,False,,,,5.602569816235463,0.11428748507202185,0.10984284532671632,False,5.602569816235463,high,,-2.4422868289485833,3.396893079922755
TP53_e7,e7,PPPPPF,P,P,P,P,P,F,1,400,LEFT_SATURATION,,True,-4.699892653402472,-4.930057139860472,-4.34417387891231,-33.21510696411133,-11.046714782714844,-8.348998069763184,False,False,,,,,,,False,,,,5.867495770493326,0.13276764225727103,0.09975186104218363,False,5.867495770493326,high,,-2.7564178099612198,3.934754507127367
TP53_e7,e7,PPPPPP,P,P,P,P,P,P,0,400,LEFT_SATURATION,,True,-4.364778643013855,-4.680943929258447,-4.172038237009638,-33.21510696411133,-11.046714782714844,-8.348998069763184,False,False,,,,,,,False,,,,6.830972166356865,0.16128006189653035,0.11488833746898264,False,6.830972166356865,high,,-2.53650687434766,4.627205153661842
