exon_id,n_variants,n_saturated,saturation_fraction,passes_75_10_90
ABCA4_e10,293,4,0.013651877133105802,True
ABCA4_e9,418,3,0.007177033492822967,True
ABCB11_e12,332,321,0.9668674698795181,False
ABCB11_e4,155,9,0.05806451612903226,True
ABCC2_e21,403,12,0.02977667493796526,True
ABHD12_e5,69,2,0.028985507246376812,True
ABI2_e10,261,37,0.1417624521072797,True
ABLIM1_e20,24,6,0.25,True
ABLIM3_e14,290,30,0.10344827586206896,True
ACACA_e2,331,10,0.030211480362537766,True
ACADM_e3,294,283,0.9625850340136054,False
ACTN2_e8,258,53,0.2054263565891473,True
ADAM32_e10,246,42,0.17073170731707318,True
ADAM32_e11,407,4,0.009828009828009828,True
ADAM32_e15,325,56,0.1723076923076923,True
ADAMTS20_e8,316,22,0.06962025316455696,True
ADCY8_e11,267,253,0.947565543071161,False
ADD3_e14,287,76,0.26480836236933797,True
ADGRG3_e3,198,2,0.010101010101010102,True
ADGRG6_e6,252,48,0.19047619047619047,True
ADGRL3_e7,45,8,0.17777777777777778,True
AGBL2_e17,321,28,0.08722741433021806,True
AGBL3_e11,339,159,0.4690265486725664,True
AGTR1_e2,251,221,0.8804780876494024,False
AKAP3_e2,413,4,0.009685230024213076,True
AKAP3_e3,317,106,0.334384858044164,True
AKR1E2_e9,249,215,0.8634538152610441,False
ALG1_e8,117,16,0.13675213675213677,True
ALOXE3_e13,266,10,0.03759398496240601,True
ALPK3_e2,117,8,0.06837606837606838,True
AMN_e3,135,8,0.05925925925925926,True
ANK2_e36,99,18,0.18181818181818182,True
ANKAR_e16,320,24,0.075,True
ANKDD1A_e2,308,246,0.7987012987012987,False
ANO5_e4,124,24,0.1935483870967742,True
ANXA13_e2,312,127,0.40705128205128205,True
AP4M1_e12,134,3,0.022388059701492536,True
AP4M1_e9,161,12,0.07453416149068323,True
APC_e14,323,16,0.04953560371517028,True
APC_e9,296,294,0.9932432432432432,False
ARHGEF10_e9,285,15,0.05263157894736842,True
ARMCX5_e2,317,62,0.19558359621451105,True
ARMH1_e2,323,33,0.1021671826625387,True
ARPP21_e11,305,303,0.9934426229508196,False
ASCC1_e11,340,150,0.4411764705882353,True
ASL_e9,159,27,0.16981132075471697,True
ASZ1_e5,335,15,0.04477611940298507,True
ATF2_e5,290,44,0.15172413793103448,True
ATM_e23,320,6,0.01875,True
ATM_e27,346,321,0.9277456647398844,False
ATM_e41,267,48,0.1797752808988764,True
ATM_e44,315,30,0.09523809523809523,True
ATM_e56,350,229,0.6542857142857142,True
ATM_e57,444,1,0.0022522522522522522,True
ATM_e60,333,238,0.7147147147147147,True
ATM_e62,408,0,0.0,True
ATP13A3_e33,270,118,0.43703703703703706,True
ATP6AP1_e8,144,0,0.0,True
AUTS2_e13,85,3,0.03529411764705882,True
BAHCC1_e11,275,21,0.07636363636363637,True
BANP_e5,291,12,0.041237113402061855,True
BAP1_e2,90,1,0.011111111111111112,True
BAP1_e3,165,0,0.0,True
BARD1_e8,395,20,0.05063291139240506,True
BBS1_e3,105,7,0.06666666666666667,True
BBS1_e5,141,20,0.14184397163120568,True
BBS5_e4,70,5,0.07142857142857142,True
BBX_e14,270,79,0.29259259259259257,True
BEAN1_e2,318,118,0.3710691823899371,True
BIN1_e13,314,263,0.8375796178343949,False
BIN1_e7,274,207,0.7554744525547445,False
BIRC6_e14,270,3,0.011111111111111112,True
BLM_e10,334,10,0.029940119760479042,True
BLM_e17,443,1,0.002257336343115124,True
BNIP1_e3,260,1,0.0038461538461538464,True
BOLA3_e3,266,256,0.9624060150375939,False
BORA_e3,320,75,0.234375,True
BRAF_e14,141,139,0.9858156028368794,False
BRAF_e9,111,1,0.009009009009009009,True
BRCA1_e10,296,3,0.010135135135135136,True
BRCA1_e16,263,193,0.7338403041825095,True
BRCA1_e17,234,5,0.021367521367521368,True
BRCA1_e18,123,0,0.0,True
BRCA1_e20,87,1,0.011494252873563218,True
BRCA1_e3,97,0,0.0,True
BRCA1_e7,312,237,0.7596153846153846,False
BRCA2_e21,326,202,0.6196319018404908,True
BRCA2_e5,76,8,0.10526315789473684,True
BRCA2_e6,29,2,0.06896551724137931,True
BRCA2_e7,326,179,0.549079754601227,True
BRCA2_e8,129,0,0.0,True
BRCA2_e9,321,181,0.5638629283489096,True
BRIP1_e10,397,1,0.0025188916876574307,True
BRIP1_e6,320,38,0.11875,True
BRSK2_e9,96,14,0.14583333333333334,True
C10orf67_e13,264,10,0.03787878787878788,True
C12orf29_e2,334,22,0.0658682634730539,True
C1orf105_e3,273,267,0.978021978021978,False
C20orf96_e3,273,33,0.12087912087912088,True
C2orf80_e8,304,2,0.006578947368421052,True
CA5A_e3,265,15,0.05660377358490566,True
CABP4_e2,93,49,0.5268817204301075,True
CACNA1C_e8,311,12,0.03858520900321544,True
CACNA1D_e43,81,6,0.07407407407407407,True
CACNA1E_e29,412,0,0.0,True
CACNA1E_e3,420,1,0.002380952380952381,True
CACNA1F_e32,63,63,1.0,False
CADPS_e29,314,306,0.9745222929936306,False
CAPN9_e3,256,53,0.20703125,True
CAPRIN2_e6,249,64,0.2570281124497992,True
CATSPERG_e9,403,60,0.1488833746898263,True
CC2D2B_e29,270,38,0.14074074074074075,True
CC2D2B_e30,317,43,0.13564668769716087,True
CCDC112_e8,288,30,0.10416666666666667,True
CCDC13_e13,283,8,0.028268551236749116,True
CCDC150_e6,308,27,0.08766233766233766,True
CCDC178_e21,448,9,0.020089285714285716,True
CCDC30_e8,413,365,0.8837772397094431,False
CCDC39_e12,411,6,0.014598540145985401,True
CCDC7_e12,269,26,0.09665427509293681,True
CCDC7_e24,299,9,0.030100334448160536,True
CCDC7_e25,289,34,0.11764705882352941,True
CCDC7_e31,252,7,0.027777777777777776,True
CCDC85A_e5,336,12,0.03571428571428571,True
CCDC88A_e26,252,7,0.027777777777777776,True
CD19_e6,147,24,0.16326530612244897,True
CD226_e3,255,25,0.09803921568627451,True
CD36_e13,7,1,0.14285714285714285,True
CD46_e7,131,105,0.8015267175572519,False
CD47_e10,99,48,0.48484848484848486,True
CDH1_e14,388,2,0.005154639175257732,True
CDH23_e12,18,18,1.0,False
CDH23_e65,123,5,0.04065040650406504,True
CDHR1_e6,258,17,0.06589147286821706,True
CDKL3_e7,267,86,0.32209737827715357,True
CEP290_e5,15,1,0.06666666666666667,True
CEP95_e5,316,37,0.11708860759493671,True
CFTR_e9,279,128,0.45878136200716846,True
CHRND_e3,131,43,0.3282442748091603,True
CLASP1_e21,81,4,0.04938271604938271,True
CLCN1_e16,401,6,0.014962593516209476,True
CLCN1_e20,115,4,0.034782608695652174,True
CLHC1_e7,334,13,0.038922155688622756,True
CNGA1_e10,320,193,0.603125,True
CNGA1_e9,315,38,0.12063492063492064,True
CNKSR2_e12,270,50,0.18518518518518517,True
CNTNAP2_e4,440,0,0.0,True
COL11A1_e44,153,0,0.0,True
COL11A1_e61,107,3,0.028037383177570093,True
COL11A2_e26,135,0,0.0,True
COL11A2_e62,162,11,0.06790123456790123,True
COL12A1_e22,419,1,0.002386634844868735,True
COL12A1_e52,447,1,0.0022371364653243847,True
COL18A1_e18,74,33,0.44594594594594594,True
COL18A1_e19,108,17,0.1574074074074074,True
COL18A1_e24,81,11,0.13580246913580246,True
COL18A1_e27,61,29,0.47540983606557374,True
COL1A1_e11,162,0,0.0,True
COL1A1_e15,135,3,0.022222222222222223,True
COL1A1_e8,161,7,0.043478260869565216,True
COL1A2_e16,161,4,0.024844720496894408,True
COL1A2_e33,157,1,0.006369426751592357,True
COL1A2_e38,162,0,0.0,True
COL27A1_e26,162,3,0.018518518518518517,True
COL27A1_e29,162,12,0.07407407407407407,True
COL2A1_e17,135,0,0.0,True
COL2A1_e31,162,0,0.0,True
COL2A1_e45,161,0,0.0,True
COL3A1_e13,162,1,0.006172839506172839,True
COL3A1_e47,324,300,0.9259259259259259,False
COL3A1_e6,161,0,0.0,True
COL3A1_e8,31,0,0.0,True
COL4A1_e17,160,6,0.0375,True
COL4A1_e41,153,3,0.0196078431372549,True
COL4A3_e18,116,3,0.02586206896551724,True
COL4A3_e4,130,0,0.0,True
COL4A3_e8,81,43,0.5308641975308642,True
COL4A4_e12,73,3,0.0410958904109589,True
COL4A4_e17,113,5,0.04424778761061947,True
COL4A5_e12,83,48,0.5783132530120482,True
COL4A5_e17,154,0,0.0,True
COL5A1_e23,162,2,0.012345679012345678,True
COL5A2_e29,154,4,0.025974025974025976,True
COL6A1_e10,135,0,0.0,True
COL6A1_e14,162,51,0.3148148148148148,True
COL6A1_e9,161,0,0.0,True
COL6A2_e11,162,0,0.0,True
COL6A2_e6,162,0,0.0,True
COL6A2_e7,135,0,0.0,True
COL6A2_e8,68,9,0.1323529411764706,True
COL6A3_e18,81,4,0.04938271604938271,True
COL7A1_e65,135,3,0.022222222222222223,True
COL7A1_e70,108,11,0.10185185185185185,True
COL7A1_e75,108,10,0.09259259259259259,True
COL9A2_e3,108,10,0.09259259259259259,True
COL9A3_e3,108,4,0.037037037037037035,True
COLQ_e13,418,21,0.050239234449760764,True
COMP_e12,159,0,0.0,True
COQ4_e4,304,4,0.013157894736842105,True
CPEB2_e3,270,29,0.10740740740740741,True
CPNE4_e3,322,24,0.07453416149068323,True
CPNE7_e3,415,46,0.1108433734939759,True
CREBBP_e11,131,6,0.04580152671755725,True
CRYZ_e7,306,253,0.826797385620915,False
CSGALNACT2_e6,284,116,0.4084507042253521,True
CSNK2A1_e4,313,8,0.025559105431309903,True
CYP21A2_e4,305,144,0.4721311475409836,True
CYP4F11_e5,254,2,0.007874015748031496,True
DAG1_e2,255,42,0.16470588235294117,True
DCAF17_e8,314,51,0.1624203821656051,True
DDHD1_e12,252,132,0.5238095238095238,True
DDIAS_e5,335,31,0.09253731343283582,True
DDR1_e12,187,17,0.09090909090909091,True
DGAT1_e10,117,91,0.7777777777777778,False
DGUOK_e2,325,85,0.26153846153846155,True
DGUOK_e5,254,144,0.5669291338582677,True
DMD_e71,117,0,0.0,True
DMD_e78,96,25,0.2604166666666667,True
DMXL2_e36,343,63,0.1836734693877551,True
DNAH14_e12,388,7,0.01804123711340206,True
DNAH17_e15,325,226,0.6953846153846154,True
DNAH6_e7,345,70,0.2028985507246377,True
DNAH8_e34,409,1,0.0024449877750611247,True
DNAH8_e39,307,299,0.9739413680781759,False
DNAH8_e4,255,146,0.5725490196078431,True
DNAH8_e55,405,80,0.19753086419753085,True
DNAJA3_e11,289,15,0.05190311418685121,True
DNAJC5G_e3,248,4,0.016129032258064516,True
DOCK7_e7,258,257,0.9961240310077519,False
DPY19L2_e8,276,50,0.18115942028985507,True
DPYD_e17,314,271,0.8630573248407644,False
DTX2_e6,380,4,0.010526315789473684,True
DUS4L_e5,310,35,0.11290322580645161,True
DYNC2H1_e67,334,4,0.011976047904191617,True
DYSF_e10,147,7,0.047619047619047616,True
DYSF_e17,126,0,0.0,True
DZIP1L_e2,408,3,0.007352941176470588,True
EAF2_e3,409,8,0.019559902200488997,True
EHBP1_e17,324,41,0.12654320987654322,True
EIF4A2_e4,415,59,0.14216867469879518,True
ELN_e19,162,74,0.4567901234567901,True
ELN_e8,153,5,0.032679738562091505,True
ELOVL7_e5,340,157,0.46176470588235297,True
ENG_e10,117,7,0.05982905982905983,True
ENG_e13,165,5,0.030303030303030304,True
EPGN_e4,81,31,0.38271604938271603,True
EPS15L1_e22,396,0,0.0,True
ERBIN_e22,337,62,0.18397626112759644,True
ERICH2_e2,93,39,0.41935483870967744,True
ESR2_e6,413,6,0.014527845036319613,True
EXD2_e2,252,43,0.17063492063492064,True
EYA3_e7,413,5,0.012106537530266344,True
EYA4_e14,270,266,0.9851851851851852,False
EYA4_e19,301,65,0.2159468438538206,True
EYS_e17,291,286,0.9828178694158075,False
FAM20A_e3,153,1,0.006535947712418301,True
FAM221A_e5,323,32,0.09907120743034056,True
FAM227B_e9,303,132,0.43564356435643564,True
FAS_e8,55,4,0.07272727272727272,True
FBLN2_e9,417,5,0.011990407673860911,True
FBN1_e18,158,2,0.012658227848101266,True
FBN1_e23,153,3,0.0196078431372549,True
FBXL13_e3,273,15,0.054945054945054944,True
FCRL6_e9,82,25,0.3048780487804878,True
FETUB_e3,264,32,0.12121212121212122,True
FGD1_e13,92,7,0.07608695652173914,True
FGF5_e2,312,298,0.9551282051282052,False
FGFR1OP2_e5,339,14,0.04129793510324484,True
FHAD1_e19,132,38,0.2878787878787879,True
FHIP1A_e2,57,37,0.6491228070175439,True
FH_e2,401,1,0.0024937655860349127,True
FIG4_e6,447,0,0.0,True
FOXJ3_e6,302,290,0.9602649006622517,False
FOXM1_e9,336,290,0.8630952380952381,False
FOXP1_e18,359,0,0.0,True
FSTL5_e11,81,19,0.2345679012345679,True
G6PC2_e4,341,74,0.21700879765395895,True
GAA_e10,259,19,0.07335907335907337,True
GAD1_e12,334,19,0.05688622754491018,True
GALNT6_e2,264,40,0.15151515151515152,True
GALNTL5_e7,336,289,0.8601190476190477,False
GALT_e4,147,138,0.9387755102040817,False
GAMT_e5,271,12,0.04428044280442804,True
GBP5_e2,323,106,0.3281733746130031,True
GCNT1_e2,249,11,0.04417670682730924,True
GDPD2_e2,239,30,0.12552301255230125,True
GFPT1_e9,130,111,0.8538461538461538,False
GIT2_e16,268,33,0.12313432835820895,True
GLB1L3_e13,320,227,0.709375,True
GLE1_e10,80,33,0.4125,True
GNAO1_e2,129,0,0.0,True
GNAS_e4,164,0,0.0,True
GNAT2_e7,388,1,0.002577319587628866,True
GNPTG_e4,165,16,0.09696969696969697,True
GOLIM4_e7,251,29,0.11553784860557768,True
GPAA1_e4,135,134,0.9925925925925926,False
GPC5_e4,398,0,0.0,True
GPHN_e17,334,307,0.9191616766467066,False
GPR179_e6,328,10,0.03048780487804878,True
GRIA1_e14,344,38,0.11046511627906977,True
GRIA2_e14,294,29,0.09863945578231292,True
GRIA4_e15,343,34,0.09912536443148688,True
GRIN1_e19,316,20,0.06329113924050633,True
GRK4_e3,336,129,0.38392857142857145,True
GZF1_e3,285,80,0.2807017543859649,True
HEXA_e4,141,9,0.06382978723404255,True
HFM1_e3,329,29,0.08814589665653495,True
HHLA2_e2,261,43,0.16475095785440613,True
HMBS_e10,117,13,0.1111111111111111,True
HMBS_e2,160,7,0.04375,True
HMBS_e4,150,27,0.18,True
HPS1_e11,150,2,0.013333333333333334,True
HS6ST2_e4,261,8,0.03065134099616858,True
HYDIN_e16,407,0,0.0,True
HYDIN_e58,290,170,0.5862068965517241,True
IFT43_e4,282,229,0.8120567375886525,False
IL21R_e2,402,12,0.029850746268656716,True
INTS3_e27,295,166,0.5627118644067797,True
INTS6L_e11,329,211,0.6413373860182371,True
IQCH_e5,308,8,0.025974025974025976,True
ITCH_e7,320,43,0.134375,True
ITGA2B_e11,159,143,0.89937106918239,False
ITGA2B_e6,138,28,0.2028985507246377,True
ITPR1_e25,417,6,0.014388489208633094,True
JAK3_e9,293,24,0.08191126279863481,True
JMJD1C_e4,304,106,0.34868421052631576,True
KALRN_e37,288,282,0.9791666666666666,False
KCNJ1_e2,396,2,0.005050505050505051,True
KCNMA1_e21,320,35,0.109375,True
KCNQ1_e14,141,3,0.02127659574468085,True
KCNQ1_e7,331,306,0.9244712990936556,False
KCNQ2_e6,281,217,0.7722419928825622,False
KCNQ2_e9,82,81,0.9878048780487805,False
KCNQ4_e6,331,32,0.09667673716012085,True
KCNQ5_e9,81,11,0.13580246913580246,True
KDM6A_e16,306,35,0.11437908496732026,True
KIF5A_e27,84,18,0.21428571428571427,True
KLC1_e14,391,0,0.0,True
KTN1_e40,252,43,0.17063492063492064,True
L1CAM_e24,280,15,0.05357142857142857,True
LAMA2_e53,13,12,0.9230769230769231,False
LCA5L_e7,413,6,0.014527845036319613,True
LCA5_e2,314,49,0.15605095541401273,True
LCA5_e4,413,0,0.0,True
LDLR_e2,310,296,0.9548387096774194,False
LDLR_e3,294,277,0.9421768707482994,False
LDLR_e7,253,168,0.6640316205533597,True
LEMD1_e3,317,12,0.03785488958990536,True
LIMCH1_e12,311,9,0.028938906752411574,True
LMO7_e29,326,30,0.09202453987730061,True
LOXHD1_e34,380,2,0.005263157894736842,True
LRP1B_e32,446,0,0.0,True
LRRC7_e22,421,1,0.0023752969121140144,True
LRRFIP1_e21,278,20,0.07194244604316546,True
LRRFIP2_e15,270,16,0.05925925925925926,True
LSMEM1_e3,384,1,0.0026041666666666665,True
MALT1_e7,99,69,0.696969696969697,True
MAP3K3_e3,279,237,0.8494623655913979,False
MAP7D1_e6,252,41,0.1626984126984127,True
MARCHF7_e3,258,79,0.3062015503875969,True
MCTP1_e18,326,245,0.7515337423312883,False
MDH1B_e2,338,26,0.07692307692307693,True
MECP2_e3,164,0,0.0,True
MEF2A_e5,412,1,0.0024271844660194173,True
MEF2C_e6,374,0,0.0,True
MEGF8_e41,380,20,0.05263157894736842,True
MEIKIN_e11,343,19,0.05539358600583091,True
MELK_e3,258,80,0.31007751937984496,True
MEN1_e5,123,3,0.024390243902439025,True
MET_e7,309,289,0.9352750809061489,False
MGAT4D_e10,324,50,0.15432098765432098,True
MGAT4D_e6,335,58,0.17313432835820897,True
MKS1_e10,128,6,0.046875,True
MLH1_e14,287,272,0.9477351916376306,False
MLH1_e17,279,82,0.2939068100358423,True
MLH1_e18,339,135,0.39823008849557523,True
MLH1_e2,258,0,0.0,True
MLH1_e3,282,18,0.06382978723404255,True
MLH1_e7,129,0,0.0,True
MLH1_e9,321,21,0.06542056074766354,True
MPDZ_e27,297,60,0.20202020202020202,True
MPDZ_e33,278,98,0.35251798561151076,True
MRE11_e12,302,285,0.9437086092715232,False
MS4A1_e2,265,39,0.1471698113207547,True
MS4A3_e3,413,6,0.014527845036319613,True
MSH2_e11,294,190,0.6462585034013606,True
MSH2_e6,402,0,0.0,True
MSH2_e8,319,293,0.9184952978056427,False
MSH3_e11,255,238,0.9333333333333333,False
MSH3_e13,399,0,0.0,True
MSH4_e19,267,14,0.052434456928838954,True
MSH6_e6,333,293,0.8798798798798799,False
MSH6_e7,270,264,0.9777777777777777,False
MUTYH_e4,120,15,0.125,True
MUTYH_e6,126,112,0.8888888888888888,False
MYBPC3_e14,9,0,0.0,True
MYBPC3_e7,147,5,0.034013605442176874,True
MYCBP2_e18,322,35,0.10869565217391304,True
MYH11_e17,258,207,0.8023255813953488,False
MYH7_e6,84,45,0.5357142857142857,True
MYO6_e29,90,17,0.18888888888888888,True
MYOM1_e30,333,266,0.7987987987987988,False
MYRFL_e16,258,92,0.35658914728682173,True
N6AMT1_e4,252,66,0.2619047619047619,True
NBN_e2,399,6,0.015037593984962405,True
NBN_e3,444,93,0.20945945945945946,True
NBN_e5,311,211,0.6784565916398714,True
NBN_e6,334,10,0.029940119760479042,True
NCAM1_e9,90,3,0.03333333333333333,True
NCF2_e4,401,1,0.0024937655860349127,True
NDRG2_e3,126,117,0.9285714285714286,False
NDUFS7_e6,141,3,0.02127659574468085,True
NEBL_e12,331,288,0.8700906344410876,False
NEBL_e25,124,24,0.1935483870967742,True
NEBL_e3,315,257,0.8158730158730159,False
NEBL_e7,304,299,0.9835526315789473,False
NEB_e116,312,26,0.08333333333333333,True
NEB_e13,322,67,0.2080745341614907,True
NEB_e4,126,1,0.007936507936507936,True
NEK10_e11,90,24,0.26666666666666666,True
NEK1_e9,112,3,0.026785714285714284,True
NF1_e12,393,1,0.002544529262086514,True
NF1_e13,402,1,0.0024875621890547263,True
NF1_e14,315,286,0.9079365079365079,False
NF1_e20,252,217,0.8611111111111112,False
NF1_e22,416,14,0.03365384615384615,True
NF1_e29,312,302,0.967948717948718,False
NF1_e3,252,209,0.8293650793650794,False
NF1_e30,402,0,0.0,True
NF1_e33,294,283,0.9625850340136054,False
NF1_e50,406,0,0.0,True
NF1_e54,300,264,0.88,False
NFIB_e11,267,118,0.4419475655430712,True
NONO_e3,341,21,0.06158357771260997,True
NOTCH2_e12,331,290,0.8761329305135952,False
NPC1L1_e7,335,270,0.8059701492537313,False
NRDC_e3,400,209,0.5225,True
NRXN1_e12,81,12,0.14814814814814814,True
NRXN2_e4,90,12,0.13333333333333333,True
NUDT13_e7,333,43,0.12912912912912913,True
OCRL_e15,406,2,0.0049261083743842365,True
ODF2L_e7,334,23,0.0688622754491018,True
OSBPL3_e12,314,93,0.2961783439490446,True
OTC_e7,25,0,0.0,True
PAH_e11,399,14,0.03508771929824561,True
PAK5_e2,318,312,0.9811320754716981,False
PALB2_e12,447,8,0.017897091722595078,True
PALLD_e20,399,0,0.0,True
PALS1_e2,4,2,0.5,True
PARP11_e3,326,10,0.03067484662576687,True
PAX6_e6,126,59,0.46825396825396826,True
PCDH11X_e8,89,21,0.23595505617977527,True
PCDH15_e31,27,16,0.5925925925925926,True
PCIF1_e9,214,47,0.21962616822429906,True
PCLO_e16,78,12,0.15384615384615385,True
PDE2A_e5,98,5,0.05102040816326531,True
PDE6B_e14,310,67,0.2161290322580645,True
PDHA1_e2,275,14,0.05090909090909091,True
PDZRN4_e3,321,309,0.9626168224299065,False
PEX3_e4,18,0,0.0,True
PFKM_e4,288,84,0.2916666666666667,True
PGAP2_e3,255,72,0.2823529411764706,True
PGAP4_e2,161,17,0.10559006211180125,True
PHEX_e16,146,0,0.0,True
PHF21A_e3,330,47,0.14242424242424243,True
PHKA2_e9,147,8,0.05442176870748299,True
PHKG2_e4,165,3,0.01818181818181818,True
PHYHD1_e11,255,12,0.047058823529411764,True
PIWIL4_e6,243,206,0.8477366255144033,False
PKD1L1_e43,252,98,0.3888888888888889,True
PKHD1_e10,119,2,0.01680672268907563,True
PKHD1_e66,308,0,0.0,True
PLB1_e42,286,25,0.08741258741258741,True
PLCL1_e5,330,88,0.26666666666666666,True
PMS2_e13,303,282,0.9306930693069307,False
PMS2_e4,150,10,0.06666666666666667,True
PMS2_e9,254,254,1.0,False
PNKD_e3,241,5,0.02074688796680498,True
PNKP_e9,147,73,0.4965986394557823,True
POLE_e11,256,13,0.05078125,True
POMGNT2_e2,323,89,0.2755417956656347,True
POPDC2_e4,249,23,0.09236947791164658,True
POSTN_e18,270,24,0.08888888888888889,True
PPIP5K2_e27,298,25,0.08389261744966443,True
PPP2R5C_e15,348,18,0.05172413793103448,True
PPP3CA_e13,90,42,0.4666666666666667,True
PRDM8_e2,294,210,0.7142857142857143,True
PRG4_e6,385,35,0.09090909090909091,True
PRKAR1A_e6,46,0,0.0,True
PROC_e8,224,18,0.08035714285714286,True
PRPF31_e9,150,100,0.6666666666666666,True
PRRC2B_e31,245,176,0.7183673469387755,True
PTEN_e4,121,1,0.008264462809917356,True
PTPRF_e14,79,31,0.3924050632911392,True
PTPRG_e14,261,18,0.06896551724137931,True
PTPRN2_e10,76,41,0.5394736842105263,True
PTPRR_e5,332,285,0.858433734939759,False
PTS_e3,69,18,0.2608695652173913,True
PYROXD2_e2,60,5,0.08333333333333333,True
R3HCC1L_e3,291,25,0.0859106529209622,True
RAD1_e3,321,18,0.056074766355140186,True
RAD50_e22,258,253,0.9806201550387597,False
RAD51C_e5,396,0,0.0,True
RAD51D_e3,275,34,0.12363636363636364,True
RAI14_e11,260,18,0.06923076923076923,True
RALGPS1_e6,270,55,0.2037037037037037,True
RANBP17_e9,340,73,0.21470588235294116,True
RASAL2_e16,93,25,0.26881720430107525,True
RB1_e24,91,5,0.054945054945054944,True
RBM15_e2,295,37,0.12542372881355932,True
RBPJ_e2,278,126,0.45323741007194246,True
RELCH_e23,249,24,0.0963855421686747,True
RET_e19,429,2,0.004662004662004662,True
RHBG_e7,373,1,0.002680965147453083,True
RIC8B_e9,336,53,0.15773809523809523,True
RIMS1_e22,270,22,0.08148148148148149,True
RIMS2_e3,261,181,0.6934865900383141,True
RNF32_e2,314,21,0.06687898089171974,True
ROBO1_e20,81,20,0.24691358024691357,True
RPL15_e3,409,4,0.009779951100244499,True
RYR1_e77,156,4,0.02564102564102564,True
RYR1_e8,274,10,0.0364963503649635,True
RYR1_e94,261,17,0.06513409961685823,True
RYR2_e89,246,167,0.6788617886178862,True
RYR2_e97,397,0,0.0,True
SANBR_e18,87,8,0.09195402298850575,True
SCN10A_e25,405,6,0.014814814814814815,True
SCN1A_e25,89,0,0.0,True
SCN2A_e23,38,0,0.0,True
SCN3A_e7,276,15,0.05434782608695652,True
SCN5A_e24,159,7,0.0440251572327044,True
SCN5A_e6,256,24,0.09375,True
SCN8A_e6,272,64,0.23529411764705882,True
SDHB_e4,408,2,0.004901960784313725,True
SDHC_e3,304,284,0.9342105263157895,False
SERPING1_e6,415,0,0.0,True
SHOC1_e22,334,123,0.36826347305389223,True
SLC12A2_e21,8,1,0.125,True
SLC12A5_e3,344,32,0.09302325581395349,True
SLC25A31_e3,337,63,0.18694362017804153,True
SLC25A38_e2,70,7,0.1,True
SLC25A48_e8,413,156,0.37772397094430993,True
SLC26A3_e9,441,0,0.0,True
SLC26A4_e15,279,193,0.6917562724014337,True
SLC8A1_e3,321,12,0.037383177570093455,True
SLMAP_e24,270,80,0.2962962962962963,True
SMARCC2_e18,274,14,0.051094890510948905,True
SMN2_e7,162,19,0.11728395061728394,True
SNAP25_e5,307,6,0.019543973941368076,True
SNAP25_e5B,299,8,0.026755852842809364,True
SNRNP70_e8,180,134,0.7444444444444445,True
SNUPN_e2,445,169,0.3797752808988764,True
SPAST_e11,276,41,0.14855072463768115,True
SPAST_e13,121,3,0.024793388429752067,True
SPAST_e16,116,3,0.02586206896551724,True
SPATA7_e3,288,21,0.07291666666666667,True
SPDL1_e2A,231,9,0.03896103896103896,True
SPTB_e31,150,0,0.0,True
ST7_e7,207,0,0.0,True
STAG3_e10,332,32,0.0963855421686747,True
STKLD1_e8,306,11,0.03594771241830065,True
STRN3_e8,307,137,0.44625407166123776,True
SUZ12_e4,207,0,0.0,True
TASOR2_e4,276,23,0.08333333333333333,True
TBCK_e21,107,2,0.018691588785046728,True
TESMIN_e4,344,12,0.03488372093023256,True
TEX14_e20,311,256,0.8231511254019293,False
TFEC_e3,261,196,0.7509578544061303,False
TH_e6,153,27,0.17647058823529413,True
TMEM161B_e2,394,143,0.3629441624365482,True
TMPRSS3_e7,120,6,0.05,True
TNIK_e14,261,26,0.09961685823754789,True
TNNT2_e10,18,18,1.0,False
TNNT3_e10,261,0,0.0,True
TP53_e3,66,2,0.030303030303030304,True
TP53_e6,338,33,0.09763313609467456,True
TP53_e7,330,299,0.906060606060606,False
TRAF3IP1_e8,288,16,0.05555555555555555,True
TRAF3IP1_e9,302,33,0.10927152317880795,True
TRAF7_e12,147,16,0.10884353741496598,True
TRPM6_e23,294,44,0.14965986394557823,True
TSC1_e10,270,4,0.014814814814814815,True
TSC2_e20,286,11,0.038461538461538464,True
TSC2_e7,147,10,0.06802721088435375,True
TSEN2_e7,153,4,0.026143790849673203,True
TSGA10_e11,328,3,0.009146341463414634,True
UMAD1_e3,318,273,0.8584905660377359,False
UNC13A_e38,86,32,0.37209302325581395,True
UPP1_e4,316,10,0.03164556962025317,True
UQCRB_e4,410,219,0.5341463414634147,True
VARS2_e18,305,45,0.14754098360655737,True
VEGFA_e7,289,5,0.01730103806228374,True
WAS_e5,126,12,0.09523809523809523,True
WAS_e8,129,91,0.7054263565891473,True
WDR27_e19,400,123,0.3075,True
WNK1_e9,252,242,0.9603174603174603,False
YAP1_e6,143,3,0.02097902097902098,True
ZBBX_e19,326,136,0.4171779141104294,True
ZFAND5_e2,406,21,0.05172413793103448,True
ZMYND11_e8,154,40,0.2597402597402597,True
ZNF345_e3,276,135,0.4891304347826087,True
